unique,building,''aubron? from r/mindcrack?'',8002000,8002000,credits
unusual,head,unusual team captain,4033000,4033000,credits
unusual,head,unusual killer's kabuto,2521000,2521000,credits
unusual,head,unusual attendant,1428000,1428000,credits
unusual,head,unusual milkman,1360000,1360000,credits
unusual,head,unusual lord cockswain's pith helmet,1360000,1360000,credits
unusual,head,unusual lord cockswain's pith helmet,1260000,1260000,credits
unusual,head,unusual furious fukaamigasa,1200000,1200000,credits
unusual,head,unusual hottie's hoodie,1176000,1176000,credits
unusual,head,unusual copper's hard top,1092000,1092000,credits
unusual,head,unusual birdcage,1092000,1092000,credits
unusual,head,unusual pencil pusher,1278000,1278000,credits
unusual,head,unusual pencil pusher,1040000,1040000,credits
unusual,head,unusual exquisite rack,1280000,1280000,credits
unusual,head,unusual exquisite rack,977000,977000,credits
unusual,head,unusual virtual reality headset,1503000,1503000,credits
unusual,head,unusual virtual reality headset,977000,977000,credits
unusual,head,unusual one-man army,960000,960000,credits
unusual,head,unusual conjurer's cowl,1008000,1008000,credits
unusual,head,unusual conjurer's cowl,924000,924000,credits
unusual,head,unusual batter's helmet,880000,880000,credits
unusual,head,unusual hermes,1092000,1092000,credits
unusual,head,unusual hermes,880000,880000,credits
unusual,head,unusual ol' snaggletooth,1503000,1503000,credits
unusual,head,unusual ol' snaggletooth,902000,902000,credits
unusual,head,unusual ol' snaggletooth,840000,840000,credits
unusual,head,unusual counterfeit billycock,902000,902000,credits
unusual,head,unusual counterfeit billycock,840000,840000,credits
unusual,head,unusual cosa nostra cap,1428000,1428000,credits
unusual,head,unusual cosa nostra cap,827000,827000,credits
unusual,head,unusual dr's dapper topper,977000,977000,credits
unusual,head,unusual dr's dapper topper,800000,800000,credits
unusual,head,unusual bombing run,798000,798000,credits
unusual,head,unusual scotsman's stove pipe,756000,756000,credits
unusual,head,unusual sober stuntman,756000,756000,credits
unusual,head,unusual noble amassment of hats,752000,752000,credits
unusual,head,unusual stout shako,902000,902000,credits
unusual,head,unusual stout shako,714000,714000,credits
unusual,head,unusual backwards ballcap,714000,714000,credits
unusual,head,unusual l'inspecteur,714000,714000,credits
unusual,head,unusual gym rat,850000,850000,credits
unusual,head,unusual gym rat,640000,640000,credits
unusual,head,unusual salty dog,630000,630000,credits
unusual,head,unusual berliner's bucket helm,1008000,1008000,credits
unusual,head,unusual berliner's bucket helm,588000,588000,credits
unusual,head,unusual grimm hatte,1008000,1008000,credits
unusual,head,unusual grimm hatte,588000,588000,credits
unusual,head,unusual triboniophorus tyrannus,570000,570000,credits
unusual,head,unusual carouser's capotain,564000,564000,credits
unusual,head,unusual carouser's capotain,564000,564000,credits
unusual,head,unusual trophy belt,564000,564000,credits
unusual,head,unusual big country,560000,560000,credits
unusual,head,unusual flamboyant flamenco,560000,560000,credits
unusual,head,unusual gentleman's gatsby,546000,546000,credits
unusual,head,unusual doctor's sack,546000,546000,credits
unusual,head,unusual little buddy,546000,546000,credits
unusual,head,unusual outdoorsman,827000,827000,credits
unusual,head,unusual outdoorsman,526000,526000,credits
unusual,head,unusual big chief,640000,640000,credits
unusual,head,unusual big chief,520000,520000,credits
unusual,head,unusual respectless rubber glove,588000,588000,credits
unusual,head,unusual respectless rubber glove,560000,560000,credits
unusual,head,unusual respectless rubber glove,504000,504000,credits
unusual,head,unusual jumper's jeepcap,504000,504000,credits
unusual,head,unusual hot dogger,1128000,1128000,credits
unusual,head,unusual hot dogger,504000,504000,credits
unusual,head,unusual professional's panama,499990,499990,credits
unusual,head,unusual buckaroos hat,720000,720000,credits
unusual,head,unusual buckaroos hat,489000,489000,credits
unique,head,max's severed head,480000,480000,credits
unusual,head,unusual german gonzila,462000,462000,credits
unusual,head,unusual sultan's ceremonial,462000,462000,credits
unusual,head,unusual brain bucket,720000,720000,credits
unusual,head,unusual brain bucket,462000,462000,credits
unusual,head,unusual pugilist's protector,440000,440000,credits
unusual,head,unusual hound dog,601000,601000,credits
unusual,head,unusual hound dog,420000,420000,credits
unusual,head,''under the weather'',414500,414500,credits
unusual,head,''snow cone'',394500,394500,credits
unusual,head,unusual fancy fedora,365000,365000,credits
unusual,head,unusual brigade helm,977000,977000,credits
unusual,head,unusual brigade helm,756000,756000,credits
unusual,head,unusual brigade helm,756000,756000,credits
unusual,head,unusual brigade helm,680000,680000,credits
unusual,head,unusual brigade helm,350000,350000,credits
unusual,head,unusual geisha boy,601000,601000,credits
unusual,head,unusual geisha boy,378000,378000,credits
unusual,head,unusual geisha boy,350000,350000,credits
unusual,head,''mmphmmphmph mmmph mmphmmph'',350000,350000,credits
unusual,head,unusual big elfin deal,340000,340000,credits
unusual,head,unusual western wear,336000,336000,credits
unusual,head,unusual dead cone,333333,333333,credits
unusual,head,unusual football helmet,630000,630000,credits
unusual,head,unusual football helmet,601000,601000,credits
unusual,head,unusual football helmet,320000,320000,credits
unusual,head,unusual magnificent mongolian,1512000,1512000,credits
unusual,head,unusual magnificent mongolian,301000,301000,credits
unusual,head,unusual scotch bonnet,588000,588000,credits
unusual,head,unusual scotch bonnet,300000,300000,credits
unusual,head,unusual industrial festivizer,285000,285000,credits
unusual,head,unusual mining light,280000,280000,credits
unusual,head,unusual ol' geezer,279000,279000,credits
unique,misc,earbuds,275000,275000,credits
unusual,head,unusual crocleather slouch,1200000,1200000,credits
unusual,head,unusual crocleather slouch,275000,275000,credits
unusual,head,unusual dread knot,640000,640000,credits
unusual,head,unusual dread knot,601000,601000,credits
unusual,head,unusual dread knot,275000,275000,credits
unusual,head,unusual handyman's handle,462000,462000,credits
unusual,head,unusual handyman's handle,300000,300000,credits
unusual,head,unusual handyman's handle,274999,274999,credits
unusual,head,unusual glengarry bonnet,255000,255000,credits
genuine,misc,''bob the inflatible unicorn'',249600,249600,credits
genuine,misc,''pinkie pie pants party [ozfur]'',249600,249600,credits
genuine,misc,''smiley's pet floaticorn'',249600,249600,credits
genuine,misc,''[!?] purple people eater'',249600,249600,credits
genuine,misc,''balgruuf'',249600,249600,credits
genuine,misc,''conquest'',249600,249600,credits
genuine,misc,''ponyta'',249600,249600,credits
genuine,misc,''on a cross and arrow'',249600,249600,credits
genuine,misc,genuine balloonicorn,249600,249600,credits
genuine,misc,genuine balloonicorn,249600,249600,credits
genuine,misc,genuine balloonicorn,249600,249600,credits
genuine,misc,genuine balloonicorn,249600,249600,credits
genuine,misc,genuine balloonicorn,249600,249600,credits
genuine,misc,genuine balloonicorn,249600,249600,credits
genuine,misc,genuine balloonicorn,249600,249600,credits
genuine,misc,''ze flying uberballoon!'',249600,249600,credits
unusual,head,unusual tam o' shanter,378000,378000,credits
unusual,head,unusual tam o' shanter,244500,244500,credits
genuine,misc,genuine merc's pride scarf,190880,190880,credits
unique,misc,the doublecross-comm #41,165000,165000,credits
strange,primary,strange machina,151920,151920,credits
unique,secondary,the flying guillotine #85,150000,150000,credits
unique,misc,the bird-man of aberdeen #60,146000,146000,credits
genuine,head,''el che'',141125,141125,credits
genuine,head,genuine el jefe,141125,141125,credits
unique,secondary,the big kill,138730,138730,credits
unique,secondary,''the small kill'',138730,138730,credits
strange,primary,strange huntsman,130640,130640,credits
unique,misc,the apparatchik's apparel #48,128484,128484,credits
unique,building,the red-tape recorder #43,125001,125001,credits
unique,misc,gentle manne's service medal,115100,115100,credits
unique,misc,gentle manne's service medal,115100,115100,credits
unique,misc,gentle manne's service medal,115100,115100,credits
unique,misc,''manatee hugger's second to last gift'',115100,115100,credits
unique,misc,gentle manne's service medal,115100,115100,credits
unique,misc,gentle manne's service medal,115100,115100,credits
unique,misc,gentle manne's service medal,115100,115100,credits
unique,misc,gentle manne's service medal,115100,115100,credits
unique,misc,gentle manne's service medal,115100,115100,credits
unique,misc,gentle manne's service medal,115100,115100,credits
unique,misc,gentle manne's service medal,115100,115100,credits
unique,misc,gentle manne's service medal,115100,115100,credits
unique,misc,gentle manne's service medal,115100,115100,credits
unique,misc,gentle manne's service medal,115100,115100,credits
unique,misc,gentle manne's service medal,115100,115100,credits
unique,misc,gentle manne's service medal,115100,115100,credits
unique,misc,gentle manne's service medal,115100,115100,credits
unique,misc,gentle manne's service medal,115100,115100,credits
unique,misc,gentle manne's service medal,115100,115100,credits
unique,misc,gentle manne's service medal,115100,115100,credits
unique,misc,gentle manne's service medal,115100,115100,credits
unique,misc,gentle manne's service medal,115100,115100,credits
unique,misc,gentle manne's service medal,115100,115100,credits
unique,misc,gentle manne's service medal,115100,115100,credits
unique,misc,gentle manne's service medal,115100,115100,credits
unique,misc,gentle manne's service medal,115100,115100,credits
unique,misc,gentle manne's service medal,115100,115100,credits
unique,misc,gentle manne's service medal,115100,115100,credits
unique,misc,gentle manne's service medal,115100,115100,credits
unique,misc,gentle manne's service medal,115100,115100,credits
unique,misc,gentle manne's service medal,115100,115100,credits
unique,misc,gentle manne's service medal,115100,115100,credits
unique,misc,gentle manne's service medal,115100,115100,credits
unique,misc,gentle manne's service medal,115100,115100,credits
unique,misc,gentle manne's service medal,115100,115100,credits
unique,misc,gentle manne's service medal,115100,115100,credits
unique,misc,gentle manne's service medal,115100,115100,credits
unique,misc,gentle manne's service medal,115100,115100,credits
unique,misc,gentle manne's service medal,115100,115100,credits
unique,misc,gentle manne's service medal,115100,115100,credits
unique,misc,gentle manne's service medal,115100,115100,credits
unique,misc,gentle manne's service medal,115100,115100,credits
unique,misc,gentle manne's service medal,115100,115100,credits
unique,misc,gentle manne's service medal,115100,115100,credits
unique,misc,gentle manne's service medal,115100,115100,credits
unique,misc,gentle manne's service medal,115100,115100,credits
strange,building,strange sapper,96965,96965,credits
strange,building,''shock and awe'',96965,96965,credits
unique,head,spine-chilling skull,91190,91190,credits
unique,head,spine-chilling skull,91190,91190,credits
unique,head,''blomg omg a bills u so jelly wow :3'',90000,90000,credits
unique,head,bill's hat,90000,90000,credits
unique,head,bill's hat,90000,90000,credits
unique,head,bill's hat,90000,90000,credits
unique,head,bill's hat,90000,90000,credits
unique,head,bill's hat,90000,90000,credits
unique,head,bill's hat,90000,90000,credits
genuine,melee,genuine maul,85500,85500,credits
genuine,melee,''scarlet's ban hammer'',85500,85500,credits
vintage,secondary,''new hydrating volvic revive'',76020,76020,credits
vintage,secondary,vintage lugermorph,76020,76020,credits
vintage,misc,vintage physician's procedure mask,72100,72100,credits
vintage,misc,vintage physician's procedure mask,72100,72100,credits
vintage,misc,vintage physician's procedure mask,72100,72100,credits
vintage,head,vintage troublemaker's tossle cap,71620,71620,credits
vintage,head,vintage troublemaker's tossle cap,71620,71620,credits
vintage,head,vintage troublemaker's tossle cap,71620,71620,credits
vintage,head,vintage troublemaker's tossle cap,71620,71620,credits
vintage,head,vintage troublemaker's tossle cap,71620,71620,credits
vintage,head,vintage troublemaker's tossle cap,71620,71620,credits
vintage,head,vintage troublemaker's tossle cap,71620,71620,credits
vintage,melee,vintage half-zatoichi,66770,66770,credits
vintage,melee,''necras'',66420,66420,credits
vintage,melee,''&quot;requesta in peace&quot;'',66420,66420,credits
vintage,melee,vintage conniver's kunai,66420,66420,credits
strange,melee,strange holy mackerel,65475,65475,credits
strange,melee,''humiliated'',65475,65475,credits
unique,misc,the essential accessories,64420,64420,credits
unique,misc,the essential accessories,64420,64420,credits
unique,misc,the essential accessories,64420,64420,credits
unique,misc,the essential accessories,64420,64420,credits
unique,misc,the essential accessories,64420,64420,credits
unique,misc,the essential accessories,64420,64420,credits
unique,misc,the essential accessories,64420,64420,credits
unusual,melee,unusual horseless headless horsemann's headtaker,90000,90000,credits
unusual,melee,unusual horseless headless horsemann's headtaker,79998,79998,credits
unusual,melee,unusual horseless headless horsemann's headtaker,62000,62000,credits
unique,melee,the lollichop #97,60000,60000,credits
unique,misc,the teufort tooth kicker,59350,59350,credits
unique,misc,the teufort tooth kicker,59350,59350,credits
unique,melee,the neon annihilator #63,58000,58000,credits
genuine,misc,genuine doublecross-comm,57880,57880,credits
genuine,misc,genuine doublecross-comm,57880,57880,credits
genuine,misc,''vinyl's veil'',57880,57880,credits
unique,melee,the neon annihilator #67,57000,57000,credits
unique,misc,the fast learner,54505,54505,credits
unique,misc,the fast learner,54505,54505,credits
unique,misc,the fast learner,54505,54505,credits
unique,misc,the fast learner,54505,54505,credits
strange,melee,strange ullapool caber,51795,51795,credits
unique,misc,the all-father,49860,49860,credits
genuine,misc,genuine ball-kicking boots,49500,49500,credits
genuine,melee,genuine sharp dresser,49500,49500,credits
strange,primary,strange grenade launcher,47700,47700,credits
strange,primary,strange grenade launcher,47700,47700,credits
unique,misc,the last breath,41135,41135,credits
genuine,head,genuine hero's tail,40500,40500,credits
genuine,head,genuine hero's tail,40500,40500,credits
vintage,misc,vintage whiskered gentleman,39375,39375,credits
vintage,misc,vintage whiskered gentleman,39375,39375,credits
vintage,misc,vintage whiskered gentleman,39375,39375,credits
vintage,misc,vintage whiskered gentleman,39375,39375,credits
vintage,melee,vintage amputator,36555,36555,credits
strange,primary,strange widowmaker,36035,36035,credits
unique,misc,the kringle collection,36000,36000,credits
unique,head,the ebenezer,35475,35475,credits
genuine,head,''brittany's luscious locks'',34840,34840,credits
genuine,head,genuine battle bob,34840,34840,credits
genuine,misc,genuine wingstick,34230,34230,credits
genuine,melee,genuine three-rune blade,33945,33945,credits
vintage,melee,''#tf_ullapoolcaber'',33415,33415,credits
vintage,melee,''me caber'',33415,33415,credits
vintage,melee,vintage ullapool caber,33415,33415,credits
genuine,primary,genuine original,33330,33330,credits
genuine,misc,genuine quadwrangler,32430,32430,credits
genuine,head,genuine bushman's boonie,30745,30745,credits
genuine,head,genuine dragonborn helmet,30445,30445,credits
strange,primary,''ze terminator!'',30295,30295,credits
strange,primary,strange minigun,30295,30295,credits
genuine,head,genuine point and shoot,29645,29645,credits
unique,tool,strange part: full moon kills,28800,28800,credits
genuine,head,genuine aperture labs hard hat,28375,28375,credits
genuine,head,genuine aperture labs hard hat,28375,28375,credits
genuine,head,genuine aperture labs hard hat,28375,28375,credits
genuine,head,genuine aperture labs hard hat,28375,28375,credits
unique,misc,the nine-pipe problem,28375,28375,credits
vintage,head,vintage killer's kabuto,27900,27900,credits
vintage,head,"''??? ???? ???????,????? ??????.''",27900,27900,credits
vintage,head,vintage texas ten gallon,27900,27900,credits
vintage,head,vintage hustler's hallmark,27450,27450,credits
vintage,head,vintage hustler's hallmark,27450,27450,credits
vintage,head,vintage hustler's hallmark,27450,27450,credits
vintage,head,vintage hustler's hallmark,27450,27450,credits
vintage,head,vintage hustler's hallmark,27450,27450,credits
strange,melee,strange holiday punch,27025,27025,credits
unique,head,the dashin' hashshashin,26920,26920,credits
strange,primary,strange scattergun,26575,26575,credits
unique,misc,the burning bongos,26125,26125,credits
unique,tool,backpack expander,25765,25765,credits
unique,tool,a distinctive lack of hue,25200,25200,credits
genuine,misc,genuine deus specs,25085,25085,credits
genuine,secondary,genuine righteous bison,24885,24885,credits
unique,misc,the boston boom-bringer,24770,24770,credits
unique,misc,apparition's aspect,24590,24590,credits
unique,misc,the outback intellectual,24325,24325,credits
unique,misc,the outback intellectual,24325,24325,credits
unique,action,taunt: the high five!,24140,24140,credits
unique,misc,the sneaky spats of sneaking,23875,23875,credits
unique,misc,the sneaky spats of sneaking,23875,23875,credits
unique,misc,the liquor locker,23720,23720,credits
genuine,head,genuine warsworn helmet,23680,23680,credits
unique,head,lumbricus lid,23420,23420,credits
unique,misc,the texas half-pants,23420,23420,credits
genuine,action,genuine noise maker - vuvuzela,23290,23290,credits
strange,secondary,strange mantreads,23015,23015,credits
genuine,head,genuine cross-comm express,23015,23015,credits
genuine,head,genuine killer exclusive,22520,22520,credits
genuine,misc,genuine noh mercy,22500,22500,credits
genuine,melee,genuine apoco-fists,21895,21895,credits
unique,misc,the balloonicorn,21620,21620,credits
unique,head,the front runner,21620,21620,credits
unique,head,the team captain,20970,20970,credits
genuine,head,genuine conjurer's cowl,20780,20780,credits
genuine,head,genuine conjurer's cowl,20780,20780,credits
genuine,head,genuine conjurer's cowl,20780,20780,credits
genuine,head,''master yi's stash of phantom dancers'',20780,20780,credits
vintage,head,vintage modest pile of hat,20700,20700,credits
vintage,head,vintage safe'n'sound,20700,20700,credits
vintage,head,vintage safe'n'sound,20700,20700,credits
vintage,head,vintage sergeant's drill hat,20700,20700,credits
vintage,head,vintage hound dog,20250,20250,credits
vintage,head,vintage hound dog,20250,20250,credits
vintage,head,vintage tyrant's helm,20165,20165,credits
vintage,head,vintage tyrant's helm,20165,20165,credits
vintage,head,vintage tyrant's helm,20165,20165,credits
vintage,head,vintage tyrant's helm,20165,20165,credits
vintage,head,''viking helmet'',20165,20165,credits
genuine,head,genuine hero's hachimaki,19535,19535,credits
genuine,misc,genuine planeswalker goggles,19490,19490,credits
genuine,misc,genuine planeswalker goggles,19490,19490,credits
genuine,head,genuine samur-eye,19285,19285,credits
genuine,misc,genuine merc medal,19045,19045,credits
unique,misc,lord cockswain's novelty mutton chops and pipe,18920,18920,credits
unique,misc,lord cockswain's novelty mutton chops and pipe,18920,18920,credits
unique,misc,dr. whoa,18920,18920,credits
unique,misc,the toss-proof towel,18920,18920,credits
genuine,head,genuine bolgan,18610,18610,credits
genuine,misc,genuine scrap pack,18315,18315,credits
genuine,misc,genuine scrap pack,18315,18315,credits
genuine,misc,genuine sign of the wolf's school,18275,18275,credits
genuine,head,genuine anger,18020,18020,credits
genuine,head,genuine anger,18020,18020,credits
unique,head,the void monk hair,17485,17485,credits
strange,primary,strange degreaser,17150,17150,credits
vintage,melee,vintage sharpened volcano fragment,16910,16910,credits
genuine,misc,genuine cold war luchador,16750,16750,credits
unique,misc,barely-melted capacitor,16605,16605,credits
unique,action,taunt: the schadenfreude,16580,16580,credits
unique,misc,the itsy bitsy spyer,16580,16580,credits
unique,misc,''peashes'',16580,16580,credits
unique,misc,the tribal bones,16365,16365,credits
unique,head,the grenadier helm,16255,16255,credits
unique,misc,the brainiac hairpiece,16150,16150,credits
unique,misc,sight for sore eyes,16085,16085,credits
vintage,head,vintage ze goggles,15640,15640,credits
vintage,primary,vintage crusader's crossbow,15315,15315,credits
vintage,secondary,vintage buffalo steak sandvich,15315,15315,credits
vintage,primary,vintage brass beast,15315,15315,credits
strange,melee,strange your eternal reward,15300,15300,credits
strange,melee,''surprise butt secks'',15300,15300,credits
unique,head,the point and shoot,15250,15250,credits
strange,secondary,strange medi gun,15075,15075,credits
unique,head,the cross-comm express,15000,15000,credits
vintage,head,vintage hotrod,14985,14985,credits
vintage,head,vintage gentleman's gatsby,14985,14985,credits
vintage,head,vintage gentleman's gatsby,14985,14985,credits
vintage,head,vintage gentleman's gatsby,14985,14985,credits
vintage,head,vintage gentleman's gatsby,14985,14985,credits
unique,secondary,festive medi gun,14485,14485,credits
vintage,primary,vintage loch-n-load,14415,14415,credits
unique,tool,strange part: buildings destroyed,14400,14400,credits
unique,head,the hero's tail,14215,14215,credits
unique,head,the el jefe,14210,14210,credits
vintage,melee,vintage warrior's spirit,14010,14010,credits
vintage,melee,''fist patrol'',14010,14010,credits
unique,misc,fancy dress uniform,13980,13980,credits
vintage,head,vintage brigade helm,13580,13580,credits
unique,head,the ninja cowl,13520,13520,credits
genuine,misc,genuine mark of the saint,13485,13485,credits
genuine,misc,genuine purity fist,13130,13130,credits
unique,head,familiar fez,12885,12885,credits
unique,head,the bubble pipe,12795,12795,credits
unique,head,the surgeon's stahlhelm,12600,12600,credits
unique,head,the surgeon's stahlhelm,12600,12600,credits
unique,misc,the ornament armament,12600,12600,credits
vintage,head,vintage shooter's sola topi,12360,12360,credits
vintage,head,vintage shooter's sola topi,12360,12360,credits
vintage,head,vintage shooter's sola topi,12360,12360,credits
vintage,head,vintage shooter's sola topi,12360,12360,credits
vintage,head,vintage shooter's sola topi,12360,12360,credits
vintage,head,vintage shooter's sola topi,12360,12360,credits
vintage,head,vintage shooter's sola topi,12360,12360,credits
vintage,head,''van pelt's pilfered pith'',12360,12360,credits
genuine,melee,genuine half-zatoichi,12235,12235,credits
unique,primary,festive sniper rifle,11930,11930,credits
unique,primary,''famalamajam'',11930,11930,credits
unique,tool,team spirit,11830,11830,credits
unique,head,the head warmer,11830,11830,credits
unique,misc,the surgeon's side satchel,11820,11820,credits
genuine,head,genuine cross-comm crash helmet,11710,11710,credits
unique,misc,the cremator's conscience,11645,11645,credits
vintage,head,vintage noble amassment of hats,11390,11390,credits
unique,tool,pink as hell,11375,11375,credits
unique,misc,rogue's col roule,11350,11350,credits
unique,misc,rogue's col roule,11350,11350,credits
unique,misc,the deus specs,11350,11350,credits
unique,head,the warsworn helmet,11350,11350,credits
vintage,head,vintage frenchman's beret,11250,11250,credits
unique,tool,mann co. supply crate key,11200,11200,credits
unique,misc,physician's procedure mask,11190,11190,credits
unique,misc,physician's procedure mask,11190,11190,credits
vintage,head,vintage master's yellow belt,11095,11095,credits
unique,tool,after eight,11095,11095,credits
vintage,head,vintage heavy duty rag,11080,11080,credits
unique,tool,an air of debonair,10955,10955,credits
genuine,head,genuine planeswalker helm,10940,10940,credits
genuine,head,genuine mask of the shaman,10910,10910,credits
genuine,head,genuine war head,10900,10900,credits
genuine,misc,genuine professor's pineapple,10810,10810,credits
unique,head,troublemaker's tossle cap,10780,10780,credits
unique,head,troublemaker's tossle cap,10780,10780,credits
unique,tool,the bitter taste of defeat and lime,10780,10780,credits
unique,head,the battle bob,10745,10745,credits
unique,tool,gift wrap,10555,10555,credits
unique,head,the backwards ballcap,10555,10555,credits
vintage,head,vintage backbiter's billycock,10485,10485,credits
vintage,head,vintage backbiter's billycock,10485,10485,credits
vintage,head,vintage backbiter's billycock,10485,10485,credits
vintage,head,vintage baseball bill's sports shine,10485,10485,credits
vintage,head,vintage tippler's tricorne,10485,10485,credits
unique,misc,teddy roosebelt,10455,10455,credits
unique,head,the anger,10230,10230,credits
unique,head,the anger,10230,10230,credits
unique,misc,villain's veil,10210,10210,credits
unique,tool,strange part: projectiles reflected,10185,10185,credits
unique,head,the infernal impaler,10065,10065,credits
unique,misc,flair!,9910,9910,credits
genuine,primary,genuine machina,9895,9895,credits
unique,tool,the value of teamwork,9795,9795,credits
vintage,head,vintage bloke's bucket hat,9680,9680,credits
vintage,head,vintage bloke's bucket hat,9680,9680,credits
vintage,head,vintage bloke's bucket hat,9680,9680,credits
vintage,head,vintage prussian pickelhaube,9650,9650,credits
unique,melee,festive knife,9615,9615,credits
unique,primary,festive flame thrower,9605,9605,credits
unique,secondary,festive stickybomb launcher,9605,9605,credits
unique,melee,festive wrench,9605,9605,credits
unique,tool,strange part: domination kills,9590,9590,credits
vintage,head,vintage bonk helm,9550,9550,credits
vintage,head,vintage bonk helm,9550,9550,credits
vintage,head,vintage bonk helm,9550,9550,credits
vintage,head,vintage stainless pot,9550,9550,credits
vintage,head,vintage trophy belt,9535,9535,credits
vintage,head,vintage trophy belt,9535,9535,credits
vintage,head,vintage trophy belt,9535,9535,credits
vintage,head,vintage demoman's fro,9505,9505,credits
unique,misc,a whiff of the old brimstone,9505,9505,credits
vintage,head,vintage batter's helmet,9485,9485,credits
vintage,head,vintage batter's helmet,9485,9485,credits
genuine,melee,genuine sharpened volcano fragment,9465,9465,credits
strange,primary,strange rainblower,9460,9460,credits
vintage,head,vintage ritzy rick's hair fixative,9425,9425,credits
vintage,head,vintage respectless rubber glove,9370,9370,credits
vintage,head,vintage respectless rubber glove,9370,9370,credits
unique,head,hero's hachimaki,9305,9305,credits
unique,head,hero's hachimaki,9305,9305,credits
unique,head,hero's hachimaki,9305,9305,credits
unique,head,hero's hachimaki,9305,9305,credits
unique,misc,the planeswalker goggles,9305,9305,credits
unique,misc,''wonderbolt goggles'',9305,9305,credits
unique,misc,the bird-man of aberdeen,9305,9305,credits
unique,tool,operator's overalls,9295,9295,credits
unique,misc,the moonman backpack,9295,9295,credits
unique,misc,the surgeon's stethoscope,9295,9295,credits
unique,head,the brown bomber,9295,9295,credits
genuine,head,genuine geisha boy,9245,9245,credits
vintage,head,vintage texas slim's dome shine,9205,9205,credits
vintage,head,vintage engineer's cap,9145,9145,credits
vintage,head,vintage engineer's cap,9145,9145,credits
unique,head,the attendant,9075,9075,credits
unique,head,the cross-comm crash helmet,9075,9075,credits
unique,misc,the made man,9015,9015,credits
genuine,misc,genuine pip-boy,9015,9015,credits
genuine,head,genuine dread knot,9010,9010,credits
genuine,misc,genuine bolgan family crest,9010,9010,credits
unique,misc,security shades,9000,9000,credits
unique,misc,blighted beak,8950,8950,credits
vintage,head,vintage mining light,8910,8910,credits
vintage,head,vintage otolaryngologist's mirror,8860,8860,credits
vintage,head,vintage pyro's beanie,8845,8845,credits
vintage,head,vintage professional's panama,8820,8820,credits
vintage,head,vintage football helmet,8820,8820,credits
vintage,head,vintage football helmet,8820,8820,credits
vintage,head,vintage football helmet,8820,8820,credits
strange,secondary,strange ambassador,8785,8785,credits
unique,head,the lucky shot,8715,8715,credits
unique,head,the bolgan,8705,8705,credits
vintage,head,vintage glengarry bonnet,8700,8700,credits
unique,head,the waxy wayfinder,8585,8585,credits
vintage,misc,vintage camera beard,8520,8520,credits
unique,head,hottie's hoodie,8520,8520,credits
unique,action,taunt: the meet the medic,8520,8520,credits
unique,misc,the builder's blueprints,8520,8520,credits
unique,misc,the builder's blueprints,8520,8520,credits
unique,misc,aladdin's private reserve,8495,8495,credits
unique,misc,the infernal orchestrina,8495,8495,credits
unique,misc,pocket medic,8345,8345,credits
unique,head,the buccaneer's bicorne,8345,8345,credits
unique,head,the conjurer's cowl,8240,8240,credits
unique,head,your worst nightmare,8225,8225,credits
unique,head,the killer exclusive,8140,8140,credits
unique,head,vintage merryweather,8080,8080,credits
genuine,melee,genuine conniver's kunai,8080,8080,credits
unique,tool,strange part: heavies killed,8080,8080,credits
unique,head,ol' snaggletooth,8045,8045,credits
unique,tool,cream spirit,8045,8045,credits
genuine,head,genuine company man,8045,8045,credits
strange,device,strange dead ringer,8045,8045,credits
unique,head,the virtual reality headset,8045,8045,credits
unique,misc,the spectre's spectacles,8045,8045,credits
unique,misc,the spectre's spectacles,8045,8045,credits
unique,misc,the stereoscopic shades,8045,8045,credits
unique,melee,the sharp dresser,8045,8045,credits
unique,head,the fruit shoot,8045,8045,credits
unique,melee,the maul,8020,8020,credits
strange,primary,strange sniper rifle,7945,7945,credits
unique,misc,clan pride,7865,7865,credits
genuine,misc,genuine companion cube pin,7840,7840,credits
genuine,melee,genuine fan o'war,7840,7840,credits
unique,melee,the apoco-fists,7840,7840,credits
unique,misc,the sandvich safe,7840,7840,credits
unique,tool,strange part: gib kills,7785,7785,credits
unique,misc,the purity fist,7775,7775,credits
genuine,secondary,genuine concheror,7680,7680,credits
unique,misc,resurrection associate pin,7645,7645,credits
unique,head,the bushman's boonie,7570,7570,credits
unique,head,the bushman's boonie,7570,7570,credits
unique,misc,le party phantom,7565,7565,credits
genuine,melee,genuine sun-on-a-stick,7565,7565,credits
unique,misc,the noh mercy,7565,7565,credits
unique,misc,bonk boy,7565,7565,credits
unique,head,the dragonborn helmet,7565,7565,credits
unique,misc,the brainiac goggles,7565,7565,credits
unique,head,the flamboyant flamenco,7565,7565,credits
unique,misc,pyrovision goggles,7565,7565,credits
genuine,action,genuine noise maker - koto,7490,7490,credits
unique,head,vintage tyrolean,7470,7470,credits
unique,head,vintage tyrolean,7470,7470,credits
unique,melee,three-rune blade,7470,7470,credits
unique,head,the samur-eye,7360,7360,credits
unique,head,desert marauder,7345,7345,credits
unique,head,the planeswalker helm,7270,7270,credits
unique,misc,the mark of the saint,7270,7270,credits
genuine,head,genuine nanobalaclava,7265,7265,credits
unique,misc,whiskered gentleman,7260,7260,credits
unique,misc,sign of the wolf's school,7260,7260,credits
genuine,head,genuine pilotka,7260,7260,credits
genuine,head,genuine stahlhelm,7260,7260,credits
unique,head,the pencil pusher,7260,7260,credits
unique,head,the counterfeit billycock,7160,7160,credits
unique,misc,googly gazer,7080,7080,credits
unique,misc,googly gazer,7080,7080,credits
unique,misc,googly gazer,7080,7080,credits
unique,head,the one-man army,7080,7080,credits
unique,head,the swagman's swatter,7080,7080,credits
unique,head,pyromancer's mask,6870,6870,credits
unique,head,texas ten gallon,6805,6805,credits
unique,head,texas ten gallon,6805,6805,credits
unique,misc,the cold war luchador,6800,6800,credits
unique,head,l'inspecteur,6790,6790,credits
unique,misc,the jingle belt,6780,6780,credits
unique,misc,the jingle belt,6780,6780,credits
unique,head,triboniophorus tyrannus,6770,6770,credits
unique,head,triboniophorus tyrannus,6770,6770,credits
unique,head,the milkman,6770,6770,credits
unique,head,grenadier's softcap,6770,6770,credits
unique,head,defiant spartan,6770,6770,credits
unique,head,defiant spartan,6770,6770,credits
unique,head,honcho's headgear,6770,6770,credits
unique,tool,balaclavas are forever,6770,6770,credits
unique,tool,a mann's mint,6770,6770,credits
unique,head,the birdcage,6770,6770,credits
unique,head,the hermes,6770,6770,credits
genuine,misc,genuine atomic accolade,6770,6770,credits
unique,misc,the hazmat headcase,6770,6770,credits
strange,secondary,strange flare gun,6760,6760,credits
genuine,head,genuine hetman's headpiece,6685,6685,credits
unique,head,towering pillar of hats,6675,6675,credits
genuine,head,genuine janissary ketche,6675,6675,credits
unique,head,cosa nostra cap,6675,6675,credits
unique,misc,the bootie time,6640,6640,credits
unique,misc,the snapped pupil,6585,6585,credits
unique,tool,waterlogged lab coat,6575,6575,credits
unique,misc,the stocking stuffer,6575,6575,credits
unique,head,the hound dog,6495,6495,credits
unique,head,private eye,6475,6475,credits
unique,misc,the crocodile smile,6475,6475,credits
strange,melee,strange jag,6465,6465,credits
unique,head,big country,6335,6335,credits
unique,head,hustler's hallmark,6280,6280,credits
unique,head,hustler's hallmark,6280,6280,credits
unique,head,killer's kabuto,6280,6280,credits
genuine,head,genuine brain bucket,6280,6280,credits
genuine,head,genuine dead cone,6280,6280,credits
unique,misc,the big steel jaw of summer fun,6280,6280,credits
unique,melee,unarmed combat,6280,6280,credits
unique,head,the little buddy,6280,6280,credits
unique,head,the hat with no name,6280,6280,credits
unique,misc,the business casual,6280,6280,credits
unique,misc,the business casual,6280,6280,credits
unique,head,modest pile of hat,6245,6245,credits
unique,head,napper's respite,6175,6175,credits
unique,head,d?tective noir,6165,6165,credits
unique,head,the war head,6165,6165,credits
unique,head,the conquistador,6165,6165,credits
strange,primary,strange rocket launcher,6080,6080,credits
strange,primary,''the royal pussyslayer'',6080,6080,credits
unique,head,bonk helm,5985,5985,credits
unique,head,magistrate's mullet,5985,5985,credits
unique,head,safe'n'sound,5985,5985,credits
unique,head,tippler's tricorne,5985,5985,credits
unique,head,bloke's bucket hat,5985,5985,credits
unique,head,exquisite rack,5985,5985,credits
unique,head,exquisite rack,5985,5985,credits
unique,misc,large luchadore,5985,5985,credits
strange,primary,strange backburner,5985,5985,credits
unique,head,the janissary ketche,5985,5985,credits
unique,head,tam o' shanter,5985,5985,credits
unique,head,stately steel toe,5985,5985,credits
unique,head,mining light,5985,5985,credits
unique,misc,pip-boy,5985,5985,credits
unique,head,the nanobalaclava,5985,5985,credits
unique,tool,strange part: airborne enemies killed,5985,5985,credits
unique,head,the outdoorsman,5985,5985,credits
unique,head,the tavish degroot experience,5985,5985,credits
unique,head,the salty dog,5985,5985,credits
unique,head,the gym rat,5985,5985,credits
unique,head,the hot dogger,5985,5985,credits
unique,misc,couvre corner,5985,5985,credits
unique,misc,couvre corner,5985,5985,credits
unique,misc,photo badge,5985,5985,credits
unique,misc,the merc medal,5985,5985,credits
unique,misc,dillinger's duffel,5985,5985,credits
unique,head,engineer's cap,5985,5985,credits
unique,head,tyrant's helm,5985,5985,credits
unique,misc,the wingstick,5980,5980,credits
unique,head,the superfan,5960,5960,credits
unique,head,brain bucket,5960,5960,credits
unique,head,the dead cone,5960,5960,credits
unique,head,baseball bill's sports shine,5955,5955,credits
unique,head,ritzy rick's hair fixative,5955,5955,credits
unique,head,reggaelator,5910,5910,credits
unique,head,reggaelator,5910,5910,credits
unique,head,connoisseur's cap,5885,5885,credits
unique,head,the capo's capper,5855,5855,credits
unique,misc,the apparatchik's apparel,5810,5810,credits
unique,head,a rather festive tree,5770,5770,credits
unique,head,fancy fedora,5755,5755,credits
unique,head,the mask of the shaman,5660,5660,credits
unique,head,brigade helm,5640,5640,credits
unique,head,stout shako,5540,5540,credits
unique,head,berliner's bucket helm,5540,5540,credits
unique,head,magnificent mongolian,5540,5540,credits
unique,head,hotrod,5515,5515,credits
unique,head,dr's dapper topper,5515,5515,credits
unique,head,larrikin robin,5515,5515,credits
unique,head,german gonzila,5515,5515,credits
unique,head,prince tavish's crown,5515,5515,credits
unique,head,prince tavish's crown,5515,5515,credits
unique,head,medic's mountain cap,5515,5515,credits
unique,head,furious fukaamigasa,5515,5515,credits
unique,head,sultan's ceremonial,5515,5515,credits
unique,head,armored authority,5515,5515,credits
unique,head,the pilotka,5515,5515,credits
unique,head,shooter's sola topi,5510,5510,credits
unique,head,ze goggles,5510,5510,credits
unique,head,sergeant's drill hat,5510,5510,credits
unique,head,gentleman's gatsby,5510,5510,credits
unique,head,chieftain's challenge,5510,5510,credits
unique,head,sober stuntman,5510,5510,credits
unique,head,carouser's capotain,5510,5510,credits
unique,head,scotch bonnet,5510,5510,credits
unique,head,the big chief,5510,5510,credits
unique,head,buckaroos hat,5510,5510,credits
unique,head,crocleather slouch,5510,5510,credits
unique,head,western wear,5510,5510,credits
unique,head,grimm hatte,5510,5510,credits
unique,head,doctor's sack,5510,5510,credits
unique,head,ol' geezer,5510,5510,credits
unique,head,ol' geezer,5510,5510,credits
unique,head,ol' geezer,5510,5510,credits
unique,head,jumper's jeepcap,5510,5510,credits
unique,head,lord cockswain's pith helmet,5510,5510,credits
unique,head,copper's hard top,5510,5510,credits
unique,misc,prairie heel biters,5510,5510,credits
unique,head,the stahlhelm,5510,5510,credits
unique,head,the company man,5510,5510,credits
unique,head,the big elfin deal,5510,5510,credits
unique,misc,the bolgan family crest,5510,5510,credits
unique,misc,the captain's cocktails,5510,5510,credits
unique,head,the gentleman's ushanka,5510,5510,credits
unique,head,liquidator's lid,5510,5510,credits
unique,head,the fed-fightin' fedora,5510,5510,credits
unique,misc,the idea tube,5510,5510,credits
unique,head,horrific headsplitter,5455,5455,credits
unique,misc,the atomic accolade,5450,5450,credits
unique,head,flipped trilby,5420,5420,credits
unique,head,rimmed raincatcher,5415,5415,credits
unique,misc,camera beard,5400,5400,credits
unique,head,handyman's handle,5400,5400,credits
unique,head,the geisha boy,5400,5400,credits
unique,head,prussian pickelhaube,5395,5395,credits
unique,head,ellis' cap,5390,5390,credits
unique,head,ellis' cap,5390,5390,credits
unique,head,ellis' cap,5390,5390,credits
unique,head,ellis' cap,5390,5390,credits
unique,head,cadaver's cranium,5390,5390,credits
unique,head,the hetman's headpiece,5390,5390,credits
unique,tool,australium gold,5390,5390,credits
unique,head,the manniversary paper hat,5390,5390,credits
unique,tool,strange part: critical kills,5390,5390,credits
unique,head,bombing run,5375,5375,credits
unique,head,hard counter,5375,5375,credits
unique,head,glengarry bonnet,5355,5355,credits
unique,head,pugilist's protector,5355,5355,credits
vintage,misc,vintage foster's facade,5355,5355,credits
vintage,misc,vintage foster's facade,5355,5355,credits
unique,head,master's yellow belt,5345,5345,credits
unique,head,frenchman's beret,5345,5345,credits
unique,head,industrial festivizer,5345,5345,credits
unique,head,ye olde baker boy,5340,5340,credits
unique,head,the heavy duty rag,5340,5340,credits
unique,head,football helmet,5340,5340,credits
unique,head,demoman's fro,5335,5335,credits
unique,head,respectless rubber glove,5330,5330,credits
unique,head,respectless rubber glove,5330,5330,credits
unique,head,professional's panama,5330,5330,credits
unique,head,officer's ushanka,5330,5330,credits
unique,head,otolaryngologist's mirror,5325,5325,credits
unique,head,madame dixie,5325,5325,credits
unique,head,batter's helmet,5325,5325,credits
unique,head,tough guy's toque,5315,5315,credits
unique,head,scotsman's stove pipe,5305,5305,credits
unique,head,prancer's pride,5305,5305,credits
unique,head,prancer's pride,5305,5305,credits
unique,head,coupe d'isaster,5305,5305,credits
unique,head,the athletic supporter,5305,5305,credits
strange,secondary,strange stickybomb launcher,5270,5270,credits
strange,primary,strange soda popper,5095,5095,credits
strange,primary,strange flame thrower,4965,4965,credits
strange,melee,strange wrench,4555,4555,credits
vintage,secondary,vintage crit-a-cola,4500,4500,credits
unique,secondary,refined metal,4500,4500,credits
unique,tool,strange part: allies extinguished,4500,4500,credits
strange,primary,strange black box,4345,4345,credits
unique,tool,name tag,4260,4260,credits
unique,tool,strange part: revenge kills,4190,4190,credits
unique,tool,strange part: kills while explosive jumping,4190,4190,credits
genuine,primary,genuine widowmaker,4065,4065,credits
genuine,secondary,genuine diamondback,4020,4020,credits
unique,tool,aged moustache grey,3940,3940,credits
unique,tool,mann co. orange,3885,3885,credits
unique,action,mann co. store package,3885,3885,credits
strange,primary,strange frontier justice,3780,3780,credits
vintage,melee,vintage gunslinger,3780,3780,credits
vintage,misc,vintage stockbroker's scarf,3780,3780,credits
strange,primary,strange liberty launcher,3780,3780,credits
genuine,secondary,genuine short circuit,3780,3780,credits
unique,tool,a deep commitment to purple,3680,3680,credits
unique,misc,spacechem pin,3675,3675,credits
unique,tool,a color similar to slate,3580,3580,credits
unique,tool,strange part: demomen killed,3580,3580,credits
unique,tool,strange part: soldiers killed,3580,3580,credits
strange,melee,strange knife,3565,3565,credits
unique,tool,description tag,3295,3295,credits
unique,tool,strange part: posthumous kills,3285,3285,credits
unique,misc,stockbroker's scarf,3050,3050,credits
unique,tool,the color of a gentlemann's business pants,3035,3035,credits
vintage,secondary,vintage gunboats,3010,3010,credits
unique,tool,noble hatter's violet,3010,3010,credits
strange,secondary,strange pistol,2990,2990,credits
unique,tool,decal tool,2990,2990,credits
unique,tool,zepheniah's greed,2990,2990,credits
unique,tool,drably olive,2990,2990,credits
strange,melee,strange amputator,2870,2870,credits
unique,head,the blazing bull,2730,2730,credits
strange,secondary,strange jarate,2620,2620,credits
strange,secondary,strange smg,2495,2495,credits
strange,primary,strange bazaar bargain,2495,2495,credits
vintage,primary,vintage huntsman,2495,2495,credits
strange,melee,strange lollichop,2495,2495,credits
vintage,misc,vintage pyrovision goggles,2495,2495,credits
strange,melee,strange axtinguisher,2485,2485,credits
unique,head,the buzz killer,2440,2440,credits
unique,head,the holy hunter,2435,2435,credits
strange,melee,strange southern hospitality,2420,2420,credits
strange,primary,strange shortstop,2395,2395,credits
strange,primary,strange natascha,2375,2375,credits
strange,secondary,strange quick-fix,2365,2365,credits
unique,head,the einstein,1870,1870,credits
strange,melee,strange gloves of running urgently,1790,1790,credits
strange,secondary,strange family business,1495,1495,credits
unique,primary,the rocket jumper,1485,1485,credits
vintage,secondary,vintage wrangler,1395,1395,credits
unique,secondary,reclaimed metal,1350,1350,credits
unique,tool,muskelmannbraun,1300,1300,credits
unique,head,alien swarm parasite,1295,1295,credits
vintage,primary,vintage force-a-nature,1295,1295,credits
unique,tool,dark salmon injustice,1295,1295,credits
strange,primary,strange brass beast,1290,1290,credits
vintage,melee,vintage escape plan,1275,1275,credits
strange,primary,strange loch-n-load,1260,1260,credits
strange,primary,strange blutsauger,1260,1260,credits
strange,melee,strange persian persuader,1260,1260,credits
strange,melee,strange market gardener,1260,1260,credits
strange,melee,strange atomizer,1260,1260,credits
strange,melee,strange big earner,1260,1260,credits
strange,melee,strange escape plan,1260,1260,credits
unique,head,the under cover,1255,1255,credits
unique,head,the hair of the dog,1235,1235,credits
strange,primary,strange direct hit,1210,1210,credits
vintage,secondary,vintage sandvich,1195,1195,credits
vintage,device,vintage dead ringer,1185,1185,credits
unique,head,the wrap battler,1165,1165,credits
strange,melee,strange scotsman's skullcutter,1160,1160,credits
unique,melee,the frying pan,1160,1160,credits
unique,melee,wanga prick,1160,1160,credits
strange,primary,strange overdose,1115,1115,credits
vintage,secondary,vintage bonk! atomic punch,1115,1115,credits
strange,secondary,strange scottish resistance,1100,1100,credits
strange,melee,strange tribalman's shiv,1100,1100,credits
strange,secondary,strange detonator,1100,1100,credits
vintage,secondary,vintage ambassador,1100,1100,credits
vintage,melee,vintage sandman,1070,1070,credits
vintage,melee,vintage homewrecker,1055,1055,credits
strange,secondary,strange l'etranger,1020,1020,credits
unique,head,the can opener,1020,1020,credits
vintage,secondary,vintage buff banner,1010,1010,credits
strange,melee,strange bottle,1010,1010,credits
vintage,melee,vintage equalizer,1000,1000,credits
vintage,melee,vintage pain train,1000,1000,credits
vintage,melee,vintage southern hospitality,1000,1000,credits
strange,melee,strange bat,1000,1000,credits
unique,action,dueling mini-game,1000,1000,credits
unique,secondary,the sticky jumper,1000,1000,credits
vintage,melee,vintage ubersaw,1000,1000,credits
vintage,primary,vintage backburner,1000,1000,credits
vintage,primary,vintage natascha,1000,1000,credits
strange,melee,strange killing gloves of boxing,1000,1000,credits
vintage,melee,vintage killing gloves of boxing,1000,1000,credits
vintage,secondary,vintage razorback,1000,1000,credits
vintage,device,vintage cloak and dagger,1000,1000,credits
strange,secondary,strange diamondback,945,945,credits
unique,melee,the conscientious objector,935,935,credits
strange,melee,strange back scratcher,900,900,credits
unique,melee,the spy-cicle,895,895,credits
unique,misc,silver bullets,870,870,credits
strange,melee,strange pain train,835,835,credits
strange,melee,strange equalizer,820,820,credits
unique,misc,the intangible ascot,815,815,credits
unique,misc,the frontier flyboy,800,800,credits
unique,misc,the legend of bugfoot,800,800,credits
unique,misc,tail from the crypt,795,795,credits
unique,primary,baby face's blaster,785,785,credits
unique,secondary,mad milk,780,780,credits
strange,melee,strange fists,775,775,credits
strange,melee,strange boston basher,760,760,credits
vintage,secondary,vintage kritzkrieg,755,755,credits
vintage,secondary,vintage jarate,755,755,credits
unique,primary,the beggar's bazooka,735,735,credits
unique,primary,the rainblower,735,735,credits
unique,primary,the hitman's heatmaker,735,735,credits
vintage,melee,vintage eyelander,705,705,credits
unique,misc,b-ankh!,700,700,credits
unique,misc,the futankhamun,700,700,credits
unique,misc,griffin's gog,700,700,credits
unique,misc,the shoestring budget,695,695,credits
unique,misc,garlic flank stake,695,695,credits
vintage,melee,vintage scotsman's skullcutter,680,680,credits
unique,secondary,the scorch shot,680,680,credits
unique,secondary,the cleaner's carbine,680,680,credits
unique,secondary,pretty boy's pocket pistol,680,680,credits
strange,primary,strange syringe gun,675,675,credits
unique,misc,dr. gogglestache,665,665,credits
unique,misc,the emerald jarate,665,665,credits
unique,misc,the steel pipes,665,665,credits
unique,misc,the scottish snarl,660,660,credits
unique,misc,the pickled paws,660,660,credits
unique,misc,the soviet stitch-up,660,660,credits
unique,misc,the steel-toed stompers,660,660,credits
vintage,secondary,vintage chargin' targe,655,655,credits
vintage,primary,vintage direct hit,570,570,credits
vintage,secondary,vintage scottish resistance,570,570,credits
vintage,melee,vintage tribalman's shiv,570,570,credits
vintage,primary,vintage blutsauger,570,570,credits
vintage,melee,vintage axtinguisher,570,570,credits
vintage,secondary,vintage flare gun,570,570,credits
unique,secondary,class token - soldier,550,550,credits
strange,secondary,strange razorback,550,550,credits
unique,primary,slot token - primary,540,540,credits
unique,melee,the escape plan,535,535,credits
strange,melee,strange eyelander,530,530,credits
unique,melee,the eureka effect,530,530,credits
unique,secondary,the manmelter,530,530,credits
unique,melee,the scottish handshake,530,530,credits
unique,melee,the third degree,525,525,credits
unique,primary,the phlogistinator,525,525,credits
unique,primary,the bootlegger,525,525,credits
unique,melee,the wrap assassin,525,525,credits
strange,melee,strange bonesaw,510,510,credits
unique,primary,the pomson 6000,510,510,credits
unique,secondary,the cozy camper,510,510,credits
unique,melee,the holiday punch,510,510,credits
unique,melee,the lollichop,510,510,credits
unique,melee,scrap metal,450,450,credits
unique,secondary,''vinyl's epic wubs cannon'',400,400,credits
unique,primary,the direct hit,225,225,credits
unique,melee,the equalizer,225,225,credits
unique,secondary,the buff banner,225,225,credits
unique,secondary,the scottish resistance,225,225,credits
unique,secondary,the chargin' targe,225,225,credits
unique,melee,the eyelander,225,225,credits
unique,secondary,the gunboats,225,225,credits
unique,secondary,the wrangler,225,225,credits
unique,primary,frontier justice,225,225,credits
unique,melee,the homewrecker,225,225,credits
unique,melee,the pain train,225,225,credits
unique,melee,the southern hospitality,225,225,credits
unique,secondary,the dalokohs bar,225,225,credits
unique,secondary,crit-a-cola,225,225,credits
unique,melee,the tribalman's shiv,225,225,credits
unique,melee,the scotsman's skullcutter,225,225,credits
unique,melee,the vita-saw,225,225,credits
unique,melee,the powerjack,225,225,credits
unique,primary,the degreaser,225,225,credits
unique,primary,the shortstop,225,225,credits
unique,melee,the holy mackerel,225,225,credits
unique,secondary,l'etranger,225,225,credits
unique,melee,your eternal reward,225,225,credits
unique,secondary,the battalion's backup,225,225,credits
unique,primary,the black box,225,225,credits
unique,primary,the sydney sleeper,225,225,credits
unique,secondary,darwin's danger shield,225,225,credits
unique,melee,the bushwacka,225,225,credits
unique,melee,gloves of running urgently,225,225,credits
unique,melee,the amputator,225,225,credits
unique,primary,crusader's crossbow,225,225,credits
unique,melee,the ullapool caber,225,225,credits
unique,primary,the loch-n-load,225,225,credits
unique,melee,the warrior's spirit,225,225,credits
unique,secondary,the buffalo steak sandvich,225,225,credits
unique,primary,the brass beast,225,225,credits
unique,melee,the candy cane,225,225,credits
unique,melee,the boston basher,225,225,credits
unique,melee,the back scratcher,225,225,credits
unique,melee,the claidheamh m?r,225,225,credits
unique,melee,the jag,225,225,credits
unique,melee,the fists of steel,225,225,credits
unique,melee,sharpened volcano fragment,225,225,credits
unique,melee,the sun-on-a-stick,225,225,credits
unique,secondary,detonator,225,225,credits
unique,secondary,the concheror,225,225,credits
unique,melee,the fan o'war,225,225,credits
unique,melee,conniver's kunai,225,225,credits
unique,melee,the half-zatoichi,225,225,credits
unique,secondary,the kritzkrieg,225,225,credits
unique,primary,the blutsauger,225,225,credits
unique,melee,the ubersaw,225,225,credits
unique,melee,the axtinguisher,225,225,credits
unique,secondary,the flare gun,225,225,credits
unique,melee,the shahanshah,225,225,credits
unique,primary,the bazaar bargain,225,225,credits
unique,melee,the persian persuader,225,225,credits
unique,primary,ali baba's wee booties,225,225,credits
unique,secondary,the splendid screen,225,225,credits
unique,primary,the backburner,225,225,credits
unique,secondary,the quick-fix,225,225,credits
unique,primary,the overdose,225,225,credits
unique,melee,the solemn vow,225,225,credits
unique,primary,the liberty launcher,225,225,credits
unique,secondary,the reserve shooter,225,225,credits
unique,melee,the market gardener,225,225,credits
unique,primary,natascha,225,225,credits
unique,primary,tomislav,225,225,credits
unique,melee,the eviction notice,225,225,credits
unique,secondary,the sandvich,225,225,credits
unique,melee,the killing gloves of boxing,225,225,credits
unique,primary,the cow mangler 5000,225,225,credits
unique,secondary,the righteous bison,225,225,credits
unique,secondary,the mantreads,225,225,credits
unique,melee,the disciplinary action,225,225,credits
unique,primary,the soda popper,225,225,credits
unique,secondary,the winger,225,225,credits
unique,melee,the sandman,225,225,credits
unique,melee,the atomizer,225,225,credits
unique,melee,the postal pummeler,225,225,credits
unique,primary,the force-a-nature,225,225,credits
unique,secondary,the enforcer,225,225,credits
unique,melee,the big earner,225,225,credits
unique,secondary,bonk! atomic punch,225,225,credits
unique,melee,nessie's nine iron,225,225,credits
unique,primary,the original,225,225,credits
unique,secondary,the diamondback,225,225,credits
unique,primary,the widowmaker,225,225,credits
unique,secondary,the short circuit,225,225,credits
unique,primary,the huntsman,225,225,credits
unique,secondary,the razorback,225,225,credits
unique,secondary,jarate,225,225,credits
unique,device,the dead ringer,225,225,credits
unique,device,the cloak and dagger,225,225,credits
unique,secondary,the ambassador,225,225,credits
unique,tool,mann co. supply crate,10,10,credits
unique,tool,mann co. supply crate,10,10,credits
unique,tool,mann co. supply crate,10,10,credits
unique,tool,mann co. supply crate,10,10,credits
unique,tool,mann co. supply crate,10,10,credits
unique,tool,mann co. supply crate,10,10,credits
unique,tool,mann co. supply crate,10,10,credits
unique,tool,mann co. supply crate,10,10,credits
