3554850,1345014004,HAVE,unique,refined metal,level 3
3554850,1345014004,WANT,unique,bird-man of aberdeen,
3553197,1345014004,HAVE,unique,mann co. supply crate key,level 5
3553197,1345014004,WANT,unique,earbuds,
3551536,1345014004,HAVE,unique,mann co. supply crate key,level 5
3551536,1345014004,HAVE,unique,earbuds,level 89
3551536,1345014004,HAVE,unique,earbuds,level 31
3551536,1345014004,WANT,unusual,unusual offers,
3547406,1345014004,HAVE,vintage,vintage killer's kabuto,level 19 painted: pink as hell
3547406,1345014004,HAVE,vintage,vintage whiskered gentleman,level 9
3547406,1345014004,HAVE,vintage,vintage troublemaker's tossle cap,level 32 painted: an extraordinary abundance of tinge style: new school
3547406,1345014004,HAVE,vintage,vintage troublemaker's tossle cap,level 25 painted: an extraordinary abundance of tinge style: oldest school
3547406,1345014004,HAVE,vintage,vintage tyrant's helm,level 62 painted: balaclavas are forever
3547406,1345014004,HAVE,vintage,vintage troublemaker's tossle cap,level 73 painted: an extraordinary abundance of tinge style: new school
3547406,1345014004,HAVE,vintage,vintage physician's procedure mask,level 59 painted: australium gold
3547406,1345014004,HAVE,vintage,vintage killer's kabuto,level 65 painted: an extraordinary abundance of tinge
3547406,1345014004,WANT,vintage,vintage timebreaker,
3547406,1345014004,WANT,unique,mann co. supply crate key,
3547309,1345014004,HAVE,genuine,genuine dead cone,level 1
3547309,1345014004,HAVE,genuine,genuine mask of the shaman,level 10
3547309,1345014004,HAVE,genuine,genuine brain bucket,level 1
3547309,1345014004,HAVE,vintage,vintage buffalo steak sandvich,level 1
3547309,1345014004,HAVE,vintage,vintage crit-a-cola,level 5
3547309,1345014004,HAVE,unique,frying pan,level 5
3547309,1345014004,WANT,unique,refined metal,
3547309,1345014004,WANT,unique,mann co. supply crate key,
3546049,1345014004,HAVE,unique,an extraordinary abundance of tinge,level 5
3546049,1345014004,WANT,unique,refined metal,
3539633,1345014004,HAVE,unique,earbuds,level 97
3539633,1345014004,WANT,unique,mann co. supply crate key,
3539573,1345014004,HAVE,unique,strange part: full moon kills,level 1
3539573,1345014004,WANT,unique,mann co. supply crate key,
3538802,1345014004,HAVE,unique,barely-melted capacitor,level 1
3538802,1345014004,WANT,unique,big kill,
3538802,1345014004,WANT,unique,offers,
3538802,1345014004,WANT,genuine,genuine el jefe,
3538802,1345014004,WANT,unique,b.m.o.c.,
3538802,1345014004,WANT,unique,earbuds,
3538802,1345014004,WANT,strange,strange holy mackerel,
3537821,1345014004,HAVE,unique,candy cane,level 25
3537821,1345014004,HAVE,unique,real world money,
3537821,1345014004,WANT,unique,earbuds,
3536045,1345014004,HAVE,normal,hammer time,level 1
3536045,1345014004,HAVE,normal,deathwielder,level 1
3536045,1345014004,HAVE,base,base dragonclaw hook,level 1
3536045,1345014004,HAVE,normal,demon claive,level 1
3536045,1345014004,WANT,normal,treasure key,
3536007,1345014004,HAVE,unusual,unusual western wear,level 16 effect: sunbeams
3536007,1345014004,HAVE,unusual,unusual napper's respite,level 13 effect: smoking painted: a distinctive lack of hue
3536007,1345014004,HAVE,unusual,unusual sultan's ceremonial,level 89 effect: stormy storm
3536007,1345014004,HAVE,unusual,unusual samur-eye,level 58 effect: blizzardy storm
3536007,1345014004,HAVE,unusual,unusual hermes,level 10 effect: haunted ghosts
3536007,1345014004,HAVE,unusual,unusual pyromancer's mask,level 80 effect: orbiting planets painted: the bitter taste of defeat and lime style: full color paint
3536007,1345014004,HAVE,unusual,unusual reggaelator,level 31 effect: blizzardy storm painted: pink as hell style: bones
3536007,1345014004,HAVE,unusual,unusual towering pillar of hats,level 34 effect: stormy storm
3536007,1345014004,WANT,unique,earbuds,
3536007,1345014004,WANT,unusual,unusual offers,
3536007,1345014004,WANT,genuine,genuine real world money,
3535988,1345014004,HAVE,normal,hammer time,level 1
3535988,1345014004,HAVE,base,base dragonclaw hook,level 1
3535988,1345014004,HAVE,normal,elemental ice infusion,level 1
3535988,1345014004,WANT,normal,treasure key,
3535191,1345014004,HAVE,vintage,vintage towering pillar of hats,level 52
3535191,1345014004,HAVE,unique,normal weapon,
3535191,1345014004,HAVE,unique,flying guillotine,level 85 craft # 3145 style: thirstier
3535191,1345014004,HAVE,unique,beggar's bazooka,level 100
3535191,1345014004,HAVE,unique,bird-man of aberdeen,level 40 style: essential
3535191,1345014004,HAVE,unique,red-tape recorder,level 13 crafted by butt-head craft # 2655
3535191,1345014004,WANT,unique,bird-man of aberdeen,
3535191,1345014004,WANT,unique,towering pillar of hats,
3535191,1345014004,WANT,unique,beggar's bazooka,
3535191,1345014004,WANT,unique,flying guillotine,
3535191,1345014004,WANT,unique,red-tape recorder,
3535158,1345014004,HAVE,strange,strange back scratcher,level 10 kills: 0
3535158,1345014004,HAVE,strange,strange crusader's crossbow,level 15 kills: 0
3535158,1345014004,HAVE,strange,strange escape plan,level 10 kills: 0
3535158,1345014004,HAVE,strange,strange big earner,level 1 kills: 0
3535158,1345014004,HAVE,strange,strange sydney sleeper,level 1 kills: 0
3535158,1345014004,HAVE,strange,strange market gardener,level 10 kills: 0
3535158,1345014004,HAVE,strange,strange loch-n-load,level 10 kills: 0
3535158,1345014004,HAVE,strange,strange black box,level 5 kills: 0
3535158,1345014004,WANT,unique,refined metal,
3534404,1345014004,HAVE,unique,scrap metal,level 1
3534404,1345014004,HAVE,unique,reclaimed metal,level 2
3534404,1345014004,WANT,unique,description tag,
3533672,1345014004,HAVE,unique,mann co. supply crate key,level 5
3533672,1345014004,WANT,unique,real world money,
3532979,1345014004,HAVE,unique,surgeon's stethoscope,level 20 craft # 5743
3532979,1345014004,HAVE,unique,taunt: the meet the medic,level 5 (uncraftable)
3532979,1345014004,WANT,unique,refined metal,
3532303,1345014004,HAVE,strange,strange equalizer,level 10 kills: 0
3532303,1345014004,WANT,unique,reclaimed metal,
3530540,1345014004,HAVE,unique,mann co. supply crate key,level 5
3530540,1345014004,WANT,unique,real world money,
3555644,1345014032,HAVE,unusual,unusual troublemaker's tossle cap,level 30 effect: orbiting planets painted: a distinctive lack of hue style: new school
3555644,1345014032,WANT,unique,offers,
3555644,1345014032,WANT,unusual,unusual class token - scout,
3555648,1345014063,HAVE,unique,mann co. supply crate,level 10 series # 39
3555648,1345014063,HAVE,unique,mann co. supply crate,level 10 series # 43
3555648,1345014063,HAVE,unique,mann co. supply crate,level 10 series # 41
3555648,1345014063,WANT,unique,scrap metal,
3555647,1345014063,HAVE,unique,real world money,
3555647,1345014063,WANT,vintage,vintage bill's hat,
3555647,1345014063,WANT,unique,bill's hat,
3555647,1345014063,WANT,unique,b.m.o.c.,
3555647,1345014063,WANT,unique,holiday headcase,
3555647,1345014063,WANT,unique,max's severed head,
3555647,1345014063,WANT,unique,earbuds,
3555652,1345014093,HAVE,unique,swagman's swatter,level 10 painted: an extraordinary abundance of tinge craft # 90
3555652,1345014093,HAVE,unique,mann co. supply crate key,level 5
3555652,1345014093,HAVE,unique,bill's hat,level 10 painted: an extraordinary abundance of tinge
3555652,1345014093,WANT,unique,offers,
3555652,1345014093,WANT,strange,strange kritzkrieg,
3555652,1345014093,WANT,unique,b.m.o.c.,
3555652,1345014093,WANT,unique,summer hat,
3555652,1345014093,WANT,unique,fireproof secret diary,
3555652,1345014093,WANT,unique,real world money,
3555652,1345014093,WANT,strange,strange medi gun,
3555657,1345014124,HAVE,unique,head warmer,level 84
3555657,1345014124,HAVE,unique,shahanshah,level 5
3555657,1345014124,HAVE,unique,fists of steel,level 10
3555657,1345014124,HAVE,unique,scottish handshake,level 10
3555657,1345014124,HAVE,unique,your eternal reward,level 1 (uncraftable)
3555657,1345014124,HAVE,unique,equalizer,level 10
3555657,1345014124,HAVE,unique,half-zatoichi,level 5
3555657,1345014124,WANT,unique,refined metal,
3555657,1345014124,WANT,unique,scrap metal,
3555656,1345014124,HAVE,unique,hustler's hallmark,level 76 painted: a distinctive lack of hue
3555656,1345014124,WANT,genuine,genuine purity fist,
3555665,1345014153,HAVE,unique,festive rocket launcher,level 1
3555665,1345014153,HAVE,unique,festive wrench,level 1
3555665,1345014153,HAVE,unique,kringle collection,level 19 craft # 6109
3555665,1345014153,WANT,unique,offers,
3555665,1345014153,WANT,unique,mann co. supply crate key,
3555672,1345014183,HAVE,unique,professor's peculiarity,level 90
3555672,1345014183,HAVE,unique,hotrod,level 89
3555672,1345014183,HAVE,unique,human cannonball,level 50 crafted by touching is free craft # 467 style: crash
3555672,1345014183,HAVE,unique,respectless rubber glove,level 3 crafted by touching is free
3555672,1345014183,HAVE,unique,virtual reality headset,level 10 crafted by touching is free craft # 10560
3555672,1345014183,HAVE,unique,frenchman's beret,level 71
3555672,1345014183,WANT,unique,tyrant's helm,
3555672,1345014183,WANT,unique,defiant spartan,
3555672,1345014183,WANT,unique,berliner's bucket helm,
3555672,1345014183,WANT,unique,stout shako,
3555672,1345014183,WANT,unique,sergeant's drill hat,
3555672,1345014183,WANT,unique,tavish degroot experience,
3555672,1345014183,WANT,unique,stahlhelm,
3555671,1345014183,HAVE,unique,terraria,gift
3555671,1345014183,WANT,unique,dead space,
3555679,1345014213,HAVE,unique,scrap metal,level 1
3555679,1345014213,WANT,unique,normal weapon,
3555678,1345014213,HAVE,unique,refined metal,level 3
3555678,1345014213,WANT,unique,strange part: domination kills,
3555678,1345014213,WANT,unique,strange part: airborne enemies killed,
3555678,1345014213,WANT,unique,strange part: buildings destroyed,
3555678,1345014213,WANT,unique,strange part: critical kills,
3555678,1345014213,WANT,unique,strange part: allies extinguished,
3555678,1345014213,WANT,unique,strange part,
3555678,1345014213,WANT,unique,strange part: gib kills,
3555678,1345014213,WANT,unique,strange part: demomen killed,
3555677,1345014213,HAVE,genuine,genuine sharp dresser,level 1
3555677,1345014213,WANT,genuine,genuine quadwrangler,
3555689,1345014243,HAVE,vintage,vintage lugermorph,level 5
3555689,1345014243,WANT,unique,mann co. supply crate key,
3555688,1345014243,HAVE,unique,refined metal,level 3
3555688,1345014243,HAVE,unique,scrap metal,level 1
3555688,1345014243,HAVE,unique,reclaimed metal,level 2
3555688,1345014243,WANT,unique,mann co. supply crate key,
3555687,1345014243,HAVE,unique,name tag,level 1
3555687,1345014243,WANT,unique,refined metal,
3555687,1345014243,WANT,unique,scrap metal,
3555686,1345014244,HAVE,unique,name tag,level 1
3555686,1345014244,WANT,unique,reclaimed metal,
3555686,1345014244,WANT,unique,refined metal,
3555685,1345014244,HAVE,unique,rocket jumper,level 1
3555685,1345014244,HAVE,unique,sticky jumper,level 1
3555685,1345014244,HAVE,unique,frying pan,level 5
3555685,1345014244,WANT,vintage,vintage tribalman's shiv,
3555685,1345014244,WANT,vintage,vintage jarate,
3555685,1345014244,WANT,vintage,vintage flare gun,
3555705,1345014333,HAVE,unusual,unusual modest pile of hat,level 29 effect: scorching flames
3555705,1345014333,WANT,unique,earbuds,
3555705,1345014333,WANT,unusual,unusual offers,
3555704,1345014333,HAVE,unique,spy-cicle,level 1
3555704,1345014333,HAVE,unique,spy-cicle,level 1 crafted by af2 | pjx craft # 15328
3555704,1345014333,WANT,unique,scrap metal,
3555714,1345014393,HAVE,unique,mann co. supply crate key,level 5
3555714,1345014393,WANT,unique,bill's hat,
3555713,1345014393,HAVE,unique,bird-man of aberdeen,level 97 style: essential
3555713,1345014393,WANT,unique,mann co. supply crate key,
3555718,1345014422,HAVE,unusual,unusual trusty mountain yak,level 1 effect: resonant energy color: ???
3555718,1345014422,WANT,unique,offers,
3555718,1345014422,WANT,unusual,unusual offers,
3555725,1345014451,HAVE,unique,barely-melted capacitor,level 1
3555725,1345014451,HAVE,unique,"""corpral cutie""",level 100
3555725,1345014451,WANT,unique,bill's hat,
3555724,1345014451,HAVE,unique,mann co. supply crate key,level 5
3555724,1345014451,WANT,normal,sithil's summer key,
3555738,1345014513,HAVE,unique,garry's mod,gift
3555738,1345014513,WANT,unique,dead space? 2,
3555754,1345014572,HAVE,unique,mann co. supply crate key,level 5
3555754,1345014572,WANT,normal,treasure key,
3555753,1345014572,HAVE,strange,strange sapper,level 1 buildings sapped: 2
3555753,1345014572,WANT,unique,mann co. supply crate key,
3555752,1345014572,HAVE,unusual,unusual anger,level 10 effect: bubbling
3555752,1345014572,WANT,unique,earbuds,
3555751,1345014572,HAVE,unique,mann co. supply crate key,level 5
3555751,1345014572,WANT,vintage,vintage whoopee cap,
3555761,1345014605,HAVE,unique,scottish resistance,level 5
3555761,1345014605,HAVE,unique,powerjack,level 5
3555761,1345014605,HAVE,unique,soda popper,level 10 crafted by flaff craft # 70822
3555761,1345014605,HAVE,unique,righteous bison,level 30
3555761,1345014605,HAVE,unique,l'etranger,level 5
3555761,1345014605,HAVE,unique,degreaser,level 10
3555761,1345014605,HAVE,unique,third degree,level 10
3555761,1345014605,HAVE,unique,conniver's kunai,level 1
3555761,1345014605,WANT,unique,scrap metal,
3555767,1345014632,HAVE,genuine,genuine killer exclusive,level 10
3555767,1345014632,WANT,unique,mann co. supply crate key,
3555766,1345014632,HAVE,unique,refined metal,level 3
3555766,1345014632,HAVE,unique,scrap metal,level 1
3555766,1345014632,WANT,unique,mining light,
3555765,1345014632,HAVE,genuine,genuine dead cone,level 1
3555765,1345014632,WANT,unique,offers,
3555774,1345014664,HAVE,unique,head warmer,level 31 crafted by mr.hobbes   !!!buy dota2!!!! craft # 7332 (untradable)
3555774,1345014664,HAVE,strange,strange lollichop,level 41 kills: 10
3555774,1345014664,WANT,unique,dota 2,
3555778,1345014693,HAVE,unique,soldier's stash,level 49 (uncraftable)
3555778,1345014693,HAVE,unique,pyromancer's mask,level 95 painted: muskelmannbraun style: original
3555778,1345014693,HAVE,unique,big kill,level 5
3555778,1345014693,HAVE,unique,tyrant's helm,level 9 painted: peculiarly drab tincture (uncraftable)
3555778,1345014693,HAVE,unique,dr. whoa,level 15 crafted by -?- floorzy [no mouse] craft # 7433
3555778,1345014693,HAVE,unique,hat with no name,level 10 crafted by -?- floorzy [no mouse] craft # 4096
3555778,1345014693,HAVE,unique,gentle manne's service medal,level 100 medal # 7703
3555778,1345014693,HAVE,unique,honcho's headgear,level 54
3555778,1345014693,WANT,unusual,unusual craft hat,
3555778,1345014693,WANT,unique,offers,
3555778,1345014693,WANT,unique,refined metal,
3555778,1345014693,WANT,unique,mann co. supply crate key,
3555778,1345014693,WANT,unique,craft hat,
3555777,1345014693,HAVE,genuine,genuine atomic accolade,level 1
3555777,1345014693,HAVE,unique,boston boom-bringer,level 94 crafted by gotchu!
3555777,1345014693,HAVE,genuine,genuine war head,level 10
3555777,1345014693,HAVE,unique,strange part: allies extinguished,level 1
3555777,1345014693,WANT,unique,offers,
3555777,1345014693,WANT,unique,balloonicorn,
3555777,1345014693,WANT,unique,refined metal,
3555777,1345014693,WANT,unique,mann co. supply crate key,
3555777,1345014693,WANT,unique,craft hat,
3555783,1345014722,HAVE,unique,scrap metal,level 1
3555783,1345014722,WANT,unique,red-tape recorder,
3555794,1345014782,HAVE,unique,texas ten gallon,level 19 crafted by dr. dax blasphemy
3555794,1345014782,WANT,unique,refined metal,
3555801,1345014812,HAVE,genuine,genuine dead cone,level 1
3555801,1345014812,HAVE,genuine,genuine brain bucket,level 1
3555801,1345014812,HAVE,genuine,genuine anger,level 10
3555801,1345014812,HAVE,genuine,genuine stahlhelm,level 10
3555801,1345014812,HAVE,genuine,genuine pilotka,level 10
3555801,1345014812,HAVE,unique,old guadalajara,level 95
3555801,1345014812,HAVE,unique,mann co. supply crate key,level 5
3555801,1345014812,HAVE,unique,samur-eye,level 86
3555801,1345014812,WANT,unique,quantum conundrum,
3555801,1345014812,WANT,unique,orcs must die! 2,
3555800,1345014812,HAVE,unique,team captain,level 72 craft # 7661
3555800,1345014812,WANT,unique,reclaimed metal,
3555800,1345014812,WANT,unique,mann co. supply crate key,
3555809,1345014842,HAVE,unique,flare gun,level 10
3555809,1345014842,HAVE,unique,axtinguisher,level 10
3555809,1345014842,HAVE,unique,gunslinger,level 15
3555809,1345014842,HAVE,unique,degreaser,level 10
3555809,1345014842,HAVE,unique,taunt: the meet the medic,level 5
3555809,1345014842,HAVE,unique,homewrecker,level 5
3555809,1345014842,WANT,unique,refined metal,
3555809,1345014842,WANT,unique,scrap metal,
3555808,1345014842,HAVE,unique,sight for sore eyes,level 24
3555808,1345014842,HAVE,unique,pyromancer's mask,level 8 style: original
3555808,1345014842,HAVE,strange,strange liberty launcher,level 25 kills: 0
3555808,1345014842,HAVE,unique,cremator's conscience,level 15 crafted by a7mm8bxe craft # 10596
3555808,1345014842,HAVE,unique,salty dog,level 10
3555808,1345014842,HAVE,vintage,vintage camera beard,level 77
3555808,1345014842,HAVE,unique,brain bucket,level 97
3555808,1345014842,WANT,unique,reclaimed metal,
3555808,1345014842,WANT,unique,refined metal,
3555822,1345014962,HAVE,unique,scrap metal,level 1
3555822,1345014962,WANT,vintage,vintage buff banner,
3555821,1345014962,HAVE,unique,toss-proof towel,level 12 painted: australium gold craft # 1139
3555821,1345014962,WANT,unique,refined metal,
3555833,1345014992,HAVE,strange,strange rocket launcher,level 1 kills: 0
3555833,1345014992,WANT,unique,refined metal,
3555832,1345014992,HAVE,unique,surgeon's stethoscope,level 20 craft # 7408
3555832,1345014992,WANT,unique,refined metal,
3555831,1345014992,HAVE,unique,game from steam,
3555831,1345014992,WANT,unique,refined metal,
3555831,1345014992,WANT,unique,mann co. supply crate key,
3555842,1345015023,HAVE,unique,overdose,level 5
3555842,1345015023,HAVE,unique,sticky jumper,level 1
3555842,1345015023,HAVE,unique,scotsman's skullcutter,level 5
3555842,1345015023,HAVE,unique,persian persuader,level 10
3555842,1345015023,HAVE,unique,nessie's nine iron,level 5
3555842,1345015023,HAVE,unique,scottish handshake,level 10
3555842,1345015023,HAVE,unique,ullapool caber,level 10
3555842,1345015023,HAVE,unique,claidheamh m?r,level 5
3555842,1345015023,WANT,unique,scrap metal,
3555849,1345015052,HAVE,unique,refined metal,level 3
3555849,1345015052,HAVE,unique,scrap metal,level 1
3555849,1345015052,WANT,unique,description tag,
3555849,1345015052,WANT,unique,name tag,
3555869,1345015112,HAVE,unique,strange part: revenge kills,level 1
3555869,1345015112,HAVE,strange,strange axtinguisher,level 10 kills: 117
3555869,1345015112,HAVE,strange,strange bonesaw,level 1 kills: 0
3555869,1345015112,HAVE,unique,strange part: allies extinguished,level 1
3555869,1345015112,HAVE,strange,strange brass beast,level 5 kills: 10976
3555869,1345015112,HAVE,unique,strange part: soldiers killed,level 1
3555869,1345015112,HAVE,strange,strange bottle,level 1 kills: 0
3555869,1345015112,HAVE,strange,strange revolver,level 1 kills: 0
3555869,1345015112,WANT,unique,refined metal,
3555868,1345015112,HAVE,unique,refined metal,level 3
3555868,1345015112,WANT,unique,cross-comm express,
3555867,1345015112,HAVE,strange,strange equalizer,level 10 kills: 0
3555867,1345015112,HAVE,strange,strange scotsman's skullcutter,level 5 kills: 0
3555867,1345015112,HAVE,strange,strange diamondback,level 5 kills: 0
3555867,1345015112,HAVE,strange,strange persian persuader,level 10 kills: 0
3555867,1345015113,WANT,unique,a deep commitment to purple,
3555867,1345015113,WANT,unique,australium gold,
3555867,1345015113,WANT,unique,a color similar to slate,
3555867,1345015113,WANT,unique,peculiarly drab tincture,
3555867,1345015113,WANT,unique,a mann's mint,
3555867,1345015113,WANT,unique,ye olde rustic colour,
3555867,1345015113,WANT,unique,color no. 216-190-216,
3555867,1345015113,WANT,unique,aged moustache grey,
3555878,1345015142,HAVE,unique,samur-eye,level 68 (uncraftable)
3555878,1345015142,WANT,unique,craft hat,
3555877,1345015142,HAVE,strange,strange stickybomb launcher,level 1 kills: 1
3555877,1345015142,WANT,unique,craft hat,
3555876,1345015142,HAVE,unique,mining light,level 71 (uncraftable)
3555876,1345015142,WANT,unique,neon annihilator,
3555876,1345015142,WANT,unique,offers,
3555876,1345015142,WANT,unique,huo-long heater,
3555876,1345015142,WANT,unique,flying guillotine,
3555876,1345015142,WANT,unique,red-tape recorder,
3555875,1345015142,HAVE,unique,physician's procedure mask,level 88
3555875,1345015142,WANT,unique,refined metal,
3555882,1345015172,HAVE,unique,b.m.o.c.,level 30 painted: a distinctive lack of hue
3555882,1345015172,WANT,unique,earbuds,
3555881,1345015172,HAVE,unique,refined metal,level 3
3555881,1345015172,HAVE,unique,mann co. supply crate key,level 5
3555881,1345015172,WANT,unique,made man,
3555881,1345015172,WANT,genuine,genuine noh mercy,
3555881,1345015172,WANT,unique,a distinctive lack of hue,
3555892,1345015233,HAVE,unique,crysis? maximum edition,gift
3555892,1345015233,WANT,unique,offers,
3555892,1345015233,WANT,unique,refined metal,
3555892,1345015233,WANT,unique,mann co. supply crate key,
3555892,1345015233,WANT,unique,earbuds,
3555894,1345015263,HAVE,unique,normal weapon,
3555894,1345015263,HAVE,unique,real world money,
3555894,1345015263,HAVE,unique,craft hat,
3555894,1345015263,HAVE,unique,game from steam,
3555894,1345015263,WANT,strange,strange crusader's crossbow,
3555894,1345015263,WANT,strange,strange amputator,
3555901,1345015293,HAVE,unique,name tag,level 1
3555901,1345015293,WANT,unique,reclaimed metal,
3555901,1345015293,WANT,unique,refined metal,
3555900,1345015293,HAVE,unique,bill's hat,level 10 painted: balaclavas are forever
3555900,1345015293,WANT,unique,the bitter taste of defeat and lime,
3555900,1345015293,WANT,unique,bill's hat,
3555907,1345015323,HAVE,unique,refined metal,level 3
3555907,1345015323,WANT,strange,strange sniper rifle,
3555906,1345015323,HAVE,unique,physician's procedure mask,level 99 painted: balaclavas are forever (uncraftable)
3555906,1345015323,WANT,unique,after eight,
3555906,1345015323,WANT,unique,physician's procedure mask,
3555913,1345015352,HAVE,vintage,vintage backburner,level 62
3555913,1345015352,HAVE,vintage,vintage bonk! atomic punch,level 90
3555913,1345015352,HAVE,vintage,vintage kritzkrieg,level 44
3555913,1345015352,HAVE,vintage,vintage natascha,level 97
3555913,1345015352,HAVE,vintage,vintage force-a-nature,level 66
3555913,1345015352,WANT,unique,reclaimed metal,
3555913,1345015352,WANT,unique,refined metal,
3555913,1345015352,WANT,unique,scrap metal,
3555912,1345015352,HAVE,unique,the essential accessories,level 10 painted: team spirit
3555912,1345015352,WANT,unique,mann co. supply crate key,
3555926,1345015413,HAVE,vintage,vintage scotsman's skullcutter,level 5
3555926,1345015413,HAVE,vintage,vintage bonk! atomic punch,level 5
3555926,1345015413,HAVE,vintage,vintage razorback,level 10
3555926,1345015413,HAVE,vintage,"vintage ""the anonymous watch""",level 5
3555926,1345015413,HAVE,vintage,vintage backburner,level 10
3555926,1345015413,HAVE,vintage,vintage chargin' targe,level 10
3555926,1345015413,HAVE,vintage,vintage ubersaw,level 10
3555926,1345015413,WANT,unique,reclaimed metal,
3555926,1345015413,WANT,unique,refined metal,
3555926,1345015413,WANT,unique,scrap metal,
3555925,1345015413,HAVE,strange,strange kritzkrieg,level 8 kill assists: 0
3555925,1345015413,HAVE,unique,salvaged mann co. supply crate,level 10 series # 40
3555925,1345015413,HAVE,strange,strange huntsman,level 10 kills: 0
3555925,1345015413,WANT,unusual,unusual milkman,
3555925,1345015413,WANT,unusual,unusual salty dog,
3555925,1345015413,WANT,unusual,unusual class token - soldier,
3555925,1345015413,WANT,unusual,unusual class token - scout,
3555925,1345015413,WANT,unusual,unusual troublemaker's tossle cap,
3555925,1345015413,WANT,unusual,unusual hat with no name,
3555925,1345015413,WANT,unusual,unusual offers,
3555925,1345015413,WANT,unusual,unusual front runner,
3555924,1345015413,HAVE,unique,third degree,level 10
3555924,1345015413,WANT,unique,scrap metal,
3555930,1345015442,HAVE,unique,apoco-fists,level 10 craft # 6989
3555930,1345015442,WANT,unique,offers,
3555929,1345015442,HAVE,unique,refined metal,level 3
3555929,1345015442,WANT,unique,summer shades,
3555929,1345015442,WANT,unique,a carefully wrapped gift,
3555937,1345015472,HAVE,unique,big kill,level 5
3555937,1345015472,WANT,unique,mann co. supply crate key,
3555936,1345015472,HAVE,unique,mann co. supply crate key,level 5
3555936,1345015472,WANT,strange,strange grenade launcher,
3555935,1345015472,HAVE,unique,refined metal,level 3
3555935,1345015472,HAVE,unique,mann co. supply crate key,level 5
3555935,1345015472,WANT,unique,outback intellectual,
3555935,1345015472,WANT,unique,merc's pride scarf,
3555935,1345015472,WANT,unique,last breath,
3555935,1345015472,WANT,unique,team captain,
3555935,1345015472,WANT,unique,taunt: the high five!,
3555935,1345015472,WANT,unique,earbuds,
3555935,1345015472,WANT,genuine,genuine aperture labs hard hat,
3555935,1345015472,WANT,unique,apparition's aspect,
3555934,1345015472,HAVE,unusual,unusual ol' snaggletooth,level 45 effect: smoking
3555934,1345015472,WANT,unusual,unusual one-man army,
3555934,1345015472,WANT,unusual,unusual western wear,
3555934,1345015472,WANT,unique,offers,
3555934,1345015472,WANT,unusual,unusual offers,
3555934,1345015472,WANT,unusual,unusual engineer's cap,
3555934,1345015472,WANT,unique,earbuds,
3555949,1345015532,HAVE,unique,team captain,level 57 (uncraftable)
3555949,1345015532,WANT,unique,strange part: headshot kills,
3555949,1345015532,WANT,unique,festive medi gun,
3555949,1345015532,WANT,unique,ball-kicking boots,
3555949,1345015532,WANT,unique,surgeon's side satchel,
3555949,1345015532,WANT,unique,brainiac hairpiece,
3555949,1345015532,WANT,unique,point and shoot,
3555949,1345015532,WANT,unique,fancy dress uniform,
3555949,1345015532,WANT,unique,festive sniper rifle,
3555955,1345015562,HAVE,normal,mega-kills: nature's prophet,level 1 (uncraftable)
3555955,1345015562,HAVE,normal,stumpy - nature's attendant,level 1 (uncraftable)
3555955,1345015562,HAVE,normal,mighty boar,level 1 (uncraftable)
3555955,1345015562,HAVE,normal,announcer: dr. kleiner,level 1 (uncraftable)
3555955,1345015562,HAVE,normal,enduring war dog,level 1 (uncraftable)
3555955,1345015562,HAVE,normal,deathwielder,level 1
3555955,1345015562,WANT,normal,speed demon,
3555955,1345015562,WANT,normal,treasure key,
3555955,1345015562,WANT,normal,tickled tegu,
3555955,1345015562,WANT,normal,skip the delivery frog,
3555955,1345015562,WANT,unique,offers,
3555961,1345015591,HAVE,strange,strange sandman,level 15 kills: 0
3555961,1345015591,WANT,unique,reclaimed metal,
3555961,1345015591,WANT,unique,scrap metal,
3555972,1345015653,HAVE,normal,hlotl-feather necklace,level 1
3555972,1345015653,HAVE,normal,creeper's cruel painsaw,level 1
3555972,1345015653,HAVE,normal,cuffs of oak and yew,level 1
3555972,1345015653,HAVE,normal,death mask of the brave,level 1
3555972,1345015653,HAVE,normal,voidkeeper's visage,level 1
3555972,1345015653,HAVE,normal,pangolin scarf,level 1
3555972,1345015653,HAVE,normal,shuriken of the hidden hunter,level 1
3555972,1345015653,HAVE,normal,aspect wraps of the high plains,level 1
3555972,1345015653,WANT,unique,reclaimed metal,
3555972,1345015653,WANT,unique,refined metal,
3555972,1345015653,WANT,unique,scrap metal,
3555971,1345015653,HAVE,unique,dueling mini-game,level 5 ( 5 uses)
3555971,1345015653,HAVE,unique,muskelmannbraun,"level 5 date received: aug  2, 2012 (02:45am) bst gifted by penticle"
3555971,1345015653,HAVE,unique,description tag,level 1
3555971,1345015653,WANT,unique,refined metal,
3555970,1345015653,HAVE,strange,strange rocket launcher,level 1 kills: 370
3555970,1345015653,WANT,unique,name tag,
3555982,1345015711,HAVE,unique,scrap metal,level 1
3555982,1345015711,WANT,unique,normal weapon,
3555981,1345015711,HAVE,strange,strange sandman,level 15 kills: 0
3555981,1345015711,HAVE,strange,strange detonator,level 10 kills: 0
3555981,1345015711,HAVE,strange,strange boston basher,level 25 kills: 21
3555981,1345015711,WANT,unique,reclaimed metal,
3555991,1345015742,HAVE,unique,earbuds,level 64
3555991,1345015742,HAVE,unique,earbuds,level 29
3555991,1345015742,HAVE,unusual,unusual sober stuntman,level 61 effect: burning flames painted: a distinctive lack of hue
3555991,1345015742,WANT,unusual,unusual offers,
3555990,1345015742,HAVE,strange,strange lollichop,level 68 kills: 0
3555990,1345015742,HAVE,strange,strange soda popper,level 10 kills: 22
3555990,1345015742,HAVE,unique,gentle manne's service medal,level 100 medal # 4306
3555990,1345015742,HAVE,strange,strange tribalman's shiv,level 5 kills: 0
3555990,1345015742,WANT,unique,gentle manne's service medal,
3555996,1345015772,HAVE,unique,mann co. supply crate key,level 5
3555996,1345015772,WANT,unique,garry's mod,
3555995,1345015772,HAVE,unique,refined metal,level 3
3555995,1345015772,HAVE,unique,scrap metal,level 1
3555995,1345015772,HAVE,unique,reclaimed metal,level 2
3555995,1345015772,WANT,unique,sharp dresser,
3556007,1345015834,HAVE,unique,physician's procedure mask,level 8 (uncraftable)
3556007,1345015834,WANT,unique,reclaimed metal,
3556007,1345015834,WANT,unique,refined metal,
3556006,1345015834,HAVE,unique,saints row: the third franchise pack,gift
3556006,1345015834,WANT,unique,mann co. supply crate key,
3556005,1345015834,HAVE,unique,detonator,level 10
3556005,1345015834,HAVE,unique,back scratcher,level 10
3556005,1345015834,HAVE,unique,warrior's spirit,level 10 crafted by r.i.p moss.
3556005,1345015834,HAVE,unique,huntsman,level 10
3556005,1345015834,HAVE,unique,eviction notice,level 10
3556005,1345015834,HAVE,unique,killing gloves of boxing,level 7
3556005,1345015834,HAVE,unique,fists of steel,level 10
3556005,1345015834,HAVE,unique,gloves of running urgently,level 10
3556005,1345015834,WANT,unique,normal weapon,
3556005,1345015834,WANT,unique,scrap metal,
3556004,1345015834,HAVE,unique,the essential accessories,level 10
3556004,1345015834,WANT,unique,mann co. supply crate key,
3556015,1345015862,HAVE,unique,refined metal,level 3
3556015,1345015862,HAVE,unique,reclaimed metal,level 2
3556015,1345015862,WANT,unique,troublemaker's tossle cap,
3556014,1345015862,HAVE,vintage,vintage timebreaker,level 1
3556014,1345015862,WANT,normal,treasure key,
3556014,1345015862,WANT,unique,mann co. supply crate key,
3556013,1345015862,HAVE,unique,diamondback,level 5
3556013,1345015862,HAVE,unique,big earner,level 1
3556013,1345015862,HAVE,unique,sun-on-a-stick,level 10
3556013,1345015862,HAVE,unique,fan o'war,level 5
3556013,1345015862,HAVE,unique,ambassador,level 5
3556013,1345015862,HAVE,unique,l'etranger,level 5
3556013,1345015862,HAVE,unique,direct hit,level 1 (uncraftable)
3556013,1345015862,HAVE,unique,short circuit,level 5
3556013,1345015862,WANT,unique,normal weapon,
3556013,1345015862,WANT,unique,scrap metal,
3556012,1345015862,HAVE,unique,mann co. supply crate key,level 5
3556012,1345015862,WANT,unique,paint can,
3556012,1345015862,WANT,unique,prussian pickelhaube,
3556011,1345015862,HAVE,unique,mann co. supply crate key,level 5
3556011,1345015862,WANT,unique,hero's tail,
3556011,1345015862,WANT,unique,the bitter taste of defeat and lime,
3556019,1345015891,HAVE,unique,frontier justice,level 5
3556019,1345015891,HAVE,unique,force-a-nature,level 10
3556019,1345015891,HAVE,unique,persian persuader,level 10
3556019,1345015891,HAVE,unique,bazaar bargain,level 10
3556019,1345015891,HAVE,unique,gunboats,level 10
3556019,1345015891,HAVE,unique,claidheamh m?r,level 5
3556019,1345015891,HAVE,unique,eyelander,level 5
3556019,1345015891,HAVE,unique,widowmaker,level 5
3556019,1345015891,WANT,unique,normal weapon,
3556019,1345015891,WANT,unique,scrap metal,
3556025,1345015924,HAVE,unique,southern hospitality,level 20
3556025,1345015924,HAVE,unique,dead ringer,level 5
3556025,1345015924,HAVE,unique,blutsauger,level 5
3556025,1345015924,HAVE,unique,amputator,level 15
3556025,1345015924,HAVE,unique,razorback,level 10
3556025,1345015924,HAVE,unique,ali baba's wee booties,level 10
3556025,1345015924,HAVE,unique,jag,level 15
3556025,1345015924,WANT,unique,normal weapon,
3556025,1345015924,WANT,unique,scrap metal,
3556032,1345015958,HAVE,unique,back scratcher,level 10
3556032,1345015958,HAVE,unique,holy mackerel,level 42
3556032,1345015958,HAVE,unique,original,level 5
3556032,1345015958,HAVE,unique,phlogistinator,level 10
3556032,1345015958,HAVE,unique,amputator,level 15
3556032,1345015958,HAVE,unique,crusader's crossbow,level 15
3556032,1345015958,HAVE,unique,boston basher,level 25
3556032,1345015958,HAVE,unique,manmelter,level 30
3556032,1345015958,WANT,unique,normal weapon,
3556035,1345015983,HAVE,unique,huo-long heater,level 77 crafted by stryfe craft # 16756
3556035,1345015983,WANT,unique,offers,
3556034,1345015983,HAVE,unique,mann co. supply crate key,level 5
3556034,1345015983,WANT,strange,strange sapper,
3556041,1345016012,HAVE,unique,"""the great and all
powerful bitch slap""",level 94 craft # 23
3556041,1345016012,WANT,unique,offers,
3556040,1345016012,HAVE,unique,anger,level 10
3556040,1345016012,HAVE,unique,balloonicorn,level 20
3556040,1345016012,HAVE,unique,team captain,level 57 (uncraftable)
3556040,1345016012,HAVE,strange,strange medi gun,level 1 ubers: 26
3556040,1345016012,WANT,unique,mann co. supply crate key,
3556039,1345016012,HAVE,unique,neon annihilator,level 13 crafted by [231]thatdudehop2it craft # 1113
3556039,1345016012,HAVE,unique,gentle manne's service medal,level 100 medal # 4306
3556039,1345016012,HAVE,unique,scorch shot,level 10 crafted by [231]thatdudehop2it craft # 16528
3556039,1345016012,HAVE,unique,huo-long heater,level 54 crafted by [231]thatdudehop2it craft # 1961
3556039,1345016012,HAVE,unique,red-tape recorder,level 14 crafted by [231]thatdudehop2it craft # 1356
3556039,1345016012,HAVE,unique,jingle belt,level 39 craft # 5029
3556039,1345016012,HAVE,unique,baby face's blaster,level 10 crafted by [231]thatdudehop2it craft # 4443
3556039,1345016012,WANT,unusual,unusual milkman,
3556039,1345016012,WANT,unusual,unusual ye olde baker boy,
3556039,1345016012,WANT,unusual,unusual class token - soldier,
3556039,1345016012,WANT,unusual,unusual el jefe,
3556039,1345016012,WANT,unusual,unusual class token - scout,
3556039,1345016012,WANT,unusual,unusual whoopee cap,
3556039,1345016012,WANT,unusual,unusual backwards ballcap,
3556039,1345016012,WANT,unusual,unusual batter's helmet,
3556050,1345016044,HAVE,unique,salvaged mann co. supply crate,level 10 series # 30
3556050,1345016044,HAVE,unique,salvaged mann co. supply crate,level 10 series # 40
3556050,1345016044,HAVE,unique,mann co. supply crate,level 10 series # 13
3556050,1345016044,HAVE,unique,mann co. supply crate,level 10 series # 1
3556050,1345016044,HAVE,unique,mann co. supply crate,level 10 series # 14
3556050,1345016044,WANT,unique,offers,
3556066,1345016164,HAVE,unique,triad trinket,level 44 craft # 449 style: bear
3556066,1345016164,WANT,unique,fast learner,
3556068,1345016193,HAVE,unusual,"unusual ""pugulist's poltergeist""",level 54 effect: haunted ghosts painted: a distinctive lack of hue
3556068,1345016193,HAVE,unusual,unusual conquistador,level 34 effect: bubbling
3556068,1345016193,WANT,unusual,unusual modest pile of hat,
3556068,1345016193,WANT,unusual,unusual offers,
3556068,1345016193,WANT,unusual,unusual a rather festive tree,
3556068,1345016193,WANT,unusual,unusual brown bomber,
3556070,1345016222,HAVE,unusual,unusual hermes,level 10 effect: flaming lantern
3556070,1345016222,WANT,unique,earbuds,
3556070,1345016222,WANT,unusual,unusual flipped trilby,
3556070,1345016222,WANT,unusual,unusual fancy fedora,
3556078,1345016284,HAVE,unique,vintage merryweather,level 92
3556078,1345016284,WANT,unique,offers,
3556080,1345016314,HAVE,unique,triad trinket,level 92 crafted by noobgent craft # 35 style: bear
3556080,1345016314,WANT,unique,big kill,
3556080,1345016314,WANT,unique,mann co. supply crate key,
3556080,1345016314,WANT,unique,bill's hat,
3556086,1345016344,HAVE,strange,strange festive minigun,level 1 kills: 0
3556086,1345016344,WANT,unique,mann co. supply crate key,
3556085,1345016344,HAVE,unusual,unusual old guadalajara,level 27 effect: purple energy painted: balaclavas are forever
3556085,1345016344,WANT,unique,earbuds,
3556084,1345016344,HAVE,unique,supreme ruler: cold war,gift
3556084,1345016344,HAVE,unique,hunted: the demon?s forge?,gift
3556084,1345016344,HAVE,unique,vegas: make it big?,gift
3556084,1345016344,HAVE,unique,holiday sale 2011 gift: monkey island complete pack,gift
3556084,1345016344,HAVE,unique,flatout,gift
3556084,1345016344,HAVE,unique,costume quest,gift
3556084,1345016344,HAVE,unique,apox,gift
3556084,1345016344,HAVE,unique,dungeon defenders,gift
3556084,1345016344,WANT,unique,offers,
3556084,1345016344,WANT,normal,treasure key,
3556083,1345016344,HAVE,unique,refined metal,level 3
3556083,1345016344,WANT,unique,mann co. supply crate key,
3556083,1345016344,WANT,unique,game from steam,
3556103,1345016432,HAVE,unique,refined metal,level 3
3556103,1345016432,HAVE,unique,decal tool,level 5
3556103,1345016432,WANT,unique,el jefe,
3556109,1345016462,HAVE,unique,pyromancer's mask,level 78 crafted by lulz. neko (>w style: original
3556109,1345016462,HAVE,unique,front runner,level 79 crafted by lulz. neko (>w craft # 3584 style: stylin'
3556109,1345016462,HAVE,unique,carouser's capotain,level 25 crafted by lulz. neko (>w
3556109,1345016462,WANT,unique,reclaimed metal,
3556109,1345016462,WANT,unique,refined metal,
3556109,1345016462,WANT,unique,mann co. supply crate key,
3556109,1345016462,WANT,unique,scrap metal,
3556115,1345016492,HAVE,unique,refined metal,level 3
3556115,1345016492,WANT,unique,fireproof secret diary,
3556114,1345016492,HAVE,unique,surgeon's side satchel,level 71 craft # 2678
3556114,1345016492,HAVE,unique,mann co. supply crate key,level 5
3556114,1345016492,WANT,unique,dashin' hashshashin,
3556113,1345016492,HAVE,unique,ninja cowl,level 1
3556113,1345016492,WANT,unique,australium gold,
3556112,1345016492,HAVE,unique,supreme ruler: cold war,gift
3556112,1345016492,HAVE,unique,hunted: the demon?s forge?,gift
3556112,1345016492,HAVE,unique,vegas: make it big?,gift
3556112,1345016492,HAVE,unique,holiday sale 2011 gift: monkey island complete pack,gift
3556112,1345016492,HAVE,unique,flatout,gift
3556112,1345016492,HAVE,unique,costume quest,gift
3556112,1345016492,HAVE,unique,apox,gift
3556112,1345016492,HAVE,unique,dungeon defenders,gift
3556112,1345016492,WANT,normal,enduring war dog,
3556112,1345016492,WANT,unique,offers,
3556112,1345016492,WANT,normal,morok's mechanical mediary,
3556112,1345016492,WANT,normal,stumpy - nature's attendant,
3556112,1345016492,WANT,normal,treasure key,
3556112,1345016492,WANT,unique,game from steam,
3556123,1345016524,HAVE,unique,refined metal,level 3
3556123,1345016524,WANT,unique,ornament armament,
3556122,1345016524,HAVE,unique,barely-melted capacitor,level 1
3556122,1345016524,WANT,unique,mann co. supply crate key,
3556121,1345016524,HAVE,unique,dr. whoa,level 15 painted: pink as hell craft # 5900
3556121,1345016524,WANT,unique,refined metal,
3556132,1345016552,HAVE,unique,crusader's crossbow,level 15
3556132,1345016552,HAVE,unique,cloak and dagger,level 5
3556132,1345016552,WANT,unique,scrap metal,
3556131,1345016552,HAVE,unique,s.t.a.l.k.e.r.: call of pripyat,gift
3556131,1345016552,HAVE,unique,oddworld: munch's oddysee,gift
3556131,1345016552,HAVE,unique,blocks that matter,gift
3556131,1345016552,HAVE,unique,horrid henry,gift
3556131,1345016552,HAVE,unique,zombie driver: summer of slaughter,gift
3556131,1345016552,HAVE,unique,killing floor bundle - december 2011,gift
3556131,1345016552,HAVE,unique,zombie driver,gift
3556131,1345016552,WANT,normal,stumpy - nature's attendant,
3556131,1345016552,WANT,unique,offers,
3556131,1345016552,WANT,normal,morok's mechanical mediary,
3556131,1345016552,WANT,normal,enduring war dog,
3556131,1345016552,WANT,unique,game from steam,
3556139,1345016582,HAVE,strange,strange widowmaker,"level 5 kills: 162 ""this shotgun is basically rape in a can get ready to get your jimmies rustled ."""
3556139,1345016582,WANT,unique,refined metal,
3556139,1345016582,WANT,strange,strange shotgun,
3556138,1345016582,HAVE,strange,strange minigun,level 1 kills: 820
3556138,1345016582,HAVE,strange,"strange ""the melbourne supremacy""",level 1 kills: 0
3556138,1345016582,WANT,unique,refined metal,
3556138,1345016582,WANT,strange,strange festive medi gun,
3556138,1345016582,WANT,unique,offers,
3556138,1345016582,WANT,unique,name tag,
3556138,1345016582,WANT,vintage,vintage wrangler,
3556138,1345016582,WANT,unique,reclaimed metal,
3556138,1345016582,WANT,unique,mann co. supply crate key,
3556138,1345016582,WANT,unique,description tag,
3556137,1345016582,HAVE,unique,mann co. supply crate key,level 5
3556137,1345016582,WANT,unique,voodoo juju,
3556136,1345016582,HAVE,unique,el jefe,level 10 craft # 10060
3556136,1345016583,WANT,unique,refined metal,
3556147,1345016612,HAVE,unique,mann co. supply crate key,level 5
3556147,1345016612,WANT,unique,earbuds,
3556150,1345016643,HAVE,unique,taunt: the schadenfreude,level 5
3556150,1345016643,WANT,unique,reclaimed metal,
3556150,1345016643,WANT,unique,refined metal,
3556156,1345016672,HAVE,unique,refined metal,level 3
3556156,1345016672,WANT,unique,taunt: the high five!,
3556155,1345016672,HAVE,unique,refined metal,level 3
3556155,1345016672,WANT,unique,familiar fez,
3556154,1345016672,HAVE,unique,the essential accessories,level 10 painted: team spirit
3556154,1345016672,WANT,unusual,unusual craft hat,
3556167,1345016732,HAVE,unique,troublemaker's tossle cap,level 4 style: oldest school
3556167,1345016732,WANT,unique,offers,
3556167,1345016732,WANT,unique,reclaimed metal,
3556167,1345016732,WANT,unique,refined metal,
3556167,1345016732,WANT,vintage,vintage craft hat,
3556166,1345016732,HAVE,unique,sticky jumper,level 1
3556166,1345016732,WANT,unique,reclaimed metal,
3556166,1345016732,WANT,unique,scrap metal,
3556171,1345016762,HAVE,unique,mann co. supply crate,level 10 series # 45
3556171,1345016762,HAVE,unique,mann co. supply crate,level 10 series # 43
3556171,1345016762,WANT,unique,scrap metal,
3556181,1345016830,HAVE,genuine,genuine balloonicorn,level 20
3556181,1345016830,WANT,unique,offers,
3556181,1345016830,WANT,unusual,unusual offers,
3556180,1345016830,HAVE,unique,mann co. supply crate key,level 5
3556180,1345016830,WANT,unique,prince tavish's crown,
3556180,1345016830,WANT,unique,killer's kabuto,
3556180,1345016830,WANT,unique,rogue's col roule,
3556180,1345016830,WANT,unique,craft hat,
3556180,1345016830,WANT,unique,physician's procedure mask,
3556180,1345016830,WANT,unique,magnificent mongolian,
3556180,1345016830,WANT,unique,magistrate's mullet,
3556180,1345016830,WANT,unique,samur-eye,
3556179,1345016830,HAVE,unique,pretty boy's pocket pistol,level 10
3556179,1345016830,HAVE,unique,cleaner's carbine,level 1
3556179,1345016830,HAVE,unique,phlogistinator,level 10
3556179,1345016830,HAVE,unique,lollichop,level 31
3556179,1345016830,HAVE,unique,scorch shot,level 10
3556179,1345016830,HAVE,unique,rainblower,level 10
3556179,1345016830,HAVE,unique,pomson 6000,level 10
3556179,1345016830,HAVE,unique,baby face's blaster,level 10
3556179,1345016830,WANT,unique,reclaimed metal,
3556188,1345016851,HAVE,unique,familiar fez,level 50 (uncraftable)
3556188,1345016851,WANT,unique,refined metal,
3556187,1345016851,HAVE,unique,burning bongos,level 26 (uncraftable)
3556187,1345016851,WANT,unique,mann co. supply crate key,
3556186,1345016851,HAVE,unique,sharp dresser,level 1 crafted by captain charmander craft # 59555
3556186,1345016851,WANT,unique,mann co. supply crate key,
3556185,1345016851,HAVE,unique,noise maker - black cat,level 5 ( 19 uses)
3556185,1345016851,HAVE,unique,"""the great and all
powerful bitch slap""",level 94 craft # 23
3556185,1345016851,WANT,unique,offers,
3556197,1345016912,HAVE,unique,mann co. supply crate key,level 5
3556197,1345016912,HAVE,unique,strange part: revenge kills,level 1
3556197,1345016912,WANT,unique,familiar fez,
3556196,1345016912,HAVE,unique,reclaimed metal,level 2
3556196,1345016912,WANT,vintage,vintage huntsman,
3556208,1345016943,HAVE,strange,strange lollichop,level 60 kills: 0
3556208,1345016943,HAVE,unique,mann co. supply crate key,level 5
3556208,1345016943,HAVE,strange,strange lollichop,level 21 kills: 0
3556208,1345016943,HAVE,unique,lord cockswain's novelty mutton chops and pipe,level 94 craft # 15873
3556208,1345016943,WANT,unique,bill's hat,
3556207,1345016943,HAVE,strange,strange overdose,level 5 kills: 0
3556207,1345016943,WANT,vintage,vintage blutsauger,
3556207,1345016943,WANT,vintage,vintage southern hospitality,
3556207,1345016943,WANT,vintage,vintage sandvich,
3556206,1345016943,HAVE,unique,noh mercy,level 52
3556206,1345016943,HAVE,unique,bonk helm,level 13
3556206,1345016943,HAVE,unique,hat with no name,level 10
3556206,1345016943,WANT,unique,offers,
3556213,1345016972,HAVE,unique,refined metal,level 3
3556213,1345016972,HAVE,unique,reclaimed metal,level 2
3556213,1345016972,WANT,unique,ellis' cap,
3556213,1345016972,WANT,unique,baseball bill's sports shine,
3556213,1345016972,WANT,unique,craft hat,
3556213,1345016972,WANT,unique,texas slim's dome shine,
3556213,1345016972,WANT,unique,manniversary paper hat,
3556213,1345016972,WANT,unique,ritzy rick's hair fixative,
3556212,1345016972,HAVE,strange,strange rainblower,level 10 kills: 286
3556212,1345016972,WANT,strange,strange backburner,
3556212,1345016972,WANT,unique,refined metal,
3556218,1345017003,HAVE,unique,ninja cowl,level 27 (uncraftable)
3556218,1345017003,WANT,unique,refined metal,
3556223,1345017032,HAVE,unique,ghastlierest gibus,level 10 painted: mann co. orange style: ghastly
3556223,1345017032,HAVE,unique,noise maker - winter holiday,level 5 ( 25 uses)
3556223,1345017032,HAVE,unique,bonk helm,level 77 (uncraftable)
3556223,1345017032,HAVE,unique,ellis' cap,level 10
3556223,1345017032,HAVE,unique,purity fist,level 10
3556223,1345017032,HAVE,unique,alien swarm parasite,level 20
3556223,1345017032,WANT,unique,offers,
3556223,1345017032,WANT,unique,craft hat,
3556222,1345017032,HAVE,unique,vita-saw,level 5
3556222,1345017032,HAVE,unique,dalokohs bar,level 1
3556222,1345017032,HAVE,unique,axtinguisher,level 10 (uncraftable)
3556222,1345017032,HAVE,unique,pain train,level 5
3556222,1345017032,WANT,unique,scrap metal,
3556221,1345017032,HAVE,strange,strange persian persuader,level 10 kills: 50
3556221,1345017032,HAVE,unique,ze goggles,level 83
3556221,1345017032,HAVE,strange,strange back scratcher,level 10 kills: 0
3556221,1345017032,HAVE,unique,swagman's swatter,level 10
3556221,1345017032,WANT,unique,refined metal,
3556220,1345017032,HAVE,unique,sergeant's drill hat,level 68 painted: a distinctive lack of hue (uncraftable)
3556220,1345017032,HAVE,unique,reclaimed metal,level 2
3556220,1345017032,WANT,unique,cross-comm crash helmet,
3556234,1345017094,HAVE,unique,mann co. supply crate,level 10 series # 45
3556234,1345017094,HAVE,unique,mann co. supply crate,level 10 series # 44
3556234,1345017094,WANT,unique,normal weapon,
3556233,1345017094,HAVE,unique,infernal orchestrina,level 33 craft # 419
3556233,1345017094,WANT,unique,mann co. supply crate key,
3556232,1345017094,HAVE,genuine,genuine hero's tail,level 1 painted: a distinctive lack of hue style: pigmentation gained
3556232,1345017094,WANT,unique,mann co. supply crate key,
3556232,1345017094,WANT,genuine,genuine hero's tail,
3556231,1345017094,HAVE,unique,sandvich,level 1
3556231,1345017094,HAVE,unique,gunslinger,level 15
3556231,1345017094,WANT,unique,scrap metal,
3556246,1345017153,HAVE,unique,reserve shooter,level 10
3556246,1345017153,HAVE,unique,cow mangler 5000,level 30
3556246,1345017153,HAVE,unique,wrap assassin,level 15
3556246,1345017153,HAVE,unique,huntsman,level 10
3556246,1345017153,HAVE,unique,cozy camper,level 10 craft # 52864
3556246,1345017153,HAVE,unique,original,level 5
3556246,1345017153,HAVE,unique,darwin's danger shield,level 10
3556246,1345017153,HAVE,unique,market gardener,level 10
3556246,1345017153,WANT,unique,reclaimed metal,
3556250,1345017183,HAVE,genuine,genuine anger,level 10
3556250,1345017183,HAVE,unique,janissary ketche,level 94
3556250,1345017183,HAVE,unique,one-man army,level 10
3556250,1345017183,WANT,unique,brown bomber,
3556250,1345017183,WANT,unique,fancy fedora,
3556250,1345017183,WANT,unique,counterfeit billycock,
3556250,1345017183,WANT,unique,red-tape recorder,
3556249,1345017183,HAVE,unique,champ stamp,level 32 painted: pink as hell (uncraftable)
3556249,1345017183,WANT,unique,offers,
3556248,1345017183,HAVE,unique,postal pummeler,level 10
3556248,1345017183,HAVE,unique,diamondback,level 5
3556248,1345017183,HAVE,unique,frontier justice,level 5
3556248,1345017183,HAVE,unique,lollichop,level 29
3556248,1345017183,HAVE,unique,buffalo steak sandvich,level 1
3556248,1345017183,HAVE,unique,phlogistinator,level 10
3556248,1345017183,HAVE,unique,fists of steel,level 10
3556248,1345017183,HAVE,unique,baby face's blaster,level 10 crafted by gentlemen peddicord craft # 32542
3556248,1345017183,WANT,unique,scrap metal,
3556274,1345017273,HAVE,unique,dead ringer,level 5
3556274,1345017273,HAVE,unique,big earner,level 1
3556274,1345017273,HAVE,unique,your eternal reward,level 1
3556274,1345017273,HAVE,unique,ambassador,level 5
3556274,1345017273,HAVE,unique,widowmaker,level 5
3556274,1345017273,HAVE,unique,l'etranger,level 5
3556274,1345017273,HAVE,unique,cloak and dagger,level 5
3556274,1345017273,HAVE,unique,conniver's kunai,level 1
3556274,1345017273,WANT,unique,scrap metal,
3556273,1345017273,HAVE,vintage,vintage axtinguisher,level 10
3556273,1345017273,HAVE,vintage,vintage scotsman's skullcutter,level 5
3556273,1345017273,HAVE,vintage,vintage ambassador,level 5
3556273,1345017273,HAVE,vintage,vintage jarate,level 5
3556273,1345017273,HAVE,vintage,vintage escape plan,level 10
3556273,1345017273,HAVE,vintage,vintage kritzkrieg,level 8
3556273,1345017273,HAVE,vintage,vintage natascha,level 5
3556273,1345017273,HAVE,vintage,vintage tribalman's shiv,level 5
3556273,1345017273,WANT,unique,real world money,
3556272,1345017273,HAVE,unique,scrap metal,level 1
3556272,1345017273,HAVE,unique,gentleman's ushanka,level 19
3556272,1345017273,HAVE,unique,business casual,level 81
3556272,1345017273,WANT,unique,business casual,
3556272,1345017273,WANT,unique,gentleman's ushanka,
3556271,1345017273,HAVE,unique,scrap metal,level 1
3556271,1345017273,HAVE,unique,reclaimed metal,level 2
3556271,1345017273,WANT,strange,strange pistol,
3556285,1345017333,HAVE,unusual,unusual hottie's hoodie,level 6 effect: stormy storm
3556285,1345017333,WANT,unique,earbuds,
3556285,1345017333,WANT,unique,dishonored,
3556316,1345017454,HAVE,unique,refined metal,level 3
3556316,1345017454,WANT,unique,backpack expander,
3556315,1345017454,HAVE,unique,mann co. supply crate,level 10 series # 38
3556315,1345017454,HAVE,unique,mann co. supply crate,level 10 series # 44
3556315,1345017454,HAVE,unique,mann co. supply crate,level 10 series # 41
3556315,1345017454,HAVE,unique,mann co. supply crate,level 10 series # 45
3556315,1345017454,HAVE,unique,mann co. supply crate,level 10 series # 37
3556315,1345017454,HAVE,unique,mann co. supply crate,level 10 series # 43
3556315,1345017454,WANT,unique,scrap metal,
3556321,1345017483,HAVE,strange,strange rainblower,level 10 kills: 0
3556321,1345017483,WANT,unique,reclaimed metal,
3556321,1345017483,WANT,unique,refined metal,
3556329,1345017512,HAVE,unique,virtual reality headset,level 10 crafted by tnnf| omnom craft # 10481
3556329,1345017512,WANT,unique,refined metal,
3556329,1345017512,WANT,unique,pencil pusher,
3556328,1345017512,HAVE,unique,refined metal,level 3
3556328,1345017512,HAVE,unique,scrap metal,level 1
3556328,1345017512,HAVE,unique,reclaimed metal,level 2
3556328,1345017512,WANT,unique,rogue's col roule,
3556328,1345017512,WANT,unique,festive knife,
3556339,1345017573,HAVE,unique,mann co. supply crate,level 10 series # 45
3556339,1345017573,HAVE,unique,mann co. supply crate,level 10 series # 44
3556339,1345017573,HAVE,unique,mann co. supply crate,level 10 series # 43
3556339,1345017573,WANT,unique,normal weapon,
3556338,1345017573,HAVE,unique,dead ringer,level 5
3556338,1345017573,HAVE,unique,machina,level 5
3556338,1345017573,WANT,unique,scrap metal,
3556337,1345017573,HAVE,unique,ornament armament,level 20 (uncraftable)
3556337,1345017573,HAVE,unique,warsworn helmet,level 54 crafted by *le duli
3556337,1345017573,HAVE,unique,backwards ballcap,level 10 crafted by *le duli craft # 6652 style: headphones disengaged
3556337,1345017573,HAVE,strange,"strange ""made in poland""",level 1 kills: 2847
3556337,1345017573,HAVE,unique,scrap pack,level 84 painted: a deep commitment to purple crafted by *le duli craft # 202
3556337,1345017573,WANT,unique,offers,
3556336,1345017573,HAVE,unique,strange part: headshot kills,level 1
3556336,1345017573,HAVE,unique,strange part: gib kills,level 1
3556336,1345017573,HAVE,unique,strange part: heavies killed,level 1
3556336,1345017573,WANT,unique,refined metal,
3556336,1345017573,WANT,unique,mann co. supply crate key,
3556335,1345017573,HAVE,unique,bill's hat,level 10 painted: an extraordinary abundance of tinge
3556335,1345017573,WANT,unique,mann co. supply crate key,
3556351,1345017633,HAVE,unique,huntsman,level 10
3556351,1345017633,HAVE,unique,black box,level 5
3556351,1345017633,HAVE,strange,strange shortstop,level 1 kills: 0
3556351,1345017633,HAVE,unique,scrap metal,level 1
3556351,1345017633,HAVE,strange,strange loch-n-load,level 10 kills: 0
3556351,1345017633,HAVE,strange,strange smg,level 1 kills: 2
3556351,1345017633,WANT,unique,attendant,
3556357,1345017663,HAVE,unique,dealer's visor,level 50
3556357,1345017663,HAVE,unique,ye olde rustic colour,level 5
3556357,1345017663,WANT,unique,tyrant's helm,
3556357,1345017663,WANT,unique,batter's helmet,
3556357,1345017663,WANT,unique,craft hat,
3556357,1345017663,WANT,unique,liquidator's lid,
3556357,1345017663,WANT,unique,doctor's sack,
3556357,1345017663,WANT,unique,tavish degroot experience,
3556357,1345017663,WANT,unique,fancy fedora,
3556357,1345017663,WANT,unique,demoman's fro,
3556356,1345017663,HAVE,unique,mann co. supply crate key,level 5
3556356,1345017663,WANT,unique,refined metal,
3556355,1345017663,HAVE,strange,strange ullapool caber,level 10 kills: 0
3556355,1345017663,HAVE,strange,strange machina,level 5 kills: 0
3556355,1345017663,WANT,unique,refined metal,
3556355,1345017663,WANT,unique,mann co. supply crate key,
3556365,1345017693,HAVE,unique,red-tape recorder,level 5 craft # 270
3556365,1345017693,WANT,unique,reclaimed metal,
3556365,1345017693,WANT,unique,third degree,
3556365,1345017693,WANT,unique,scrap metal,
3556365,1345017693,WANT,unique,neon annihilator,
3556364,1345017693,HAVE,unique,bill's hat,level 10
3556364,1345017693,WANT,unique,alan wake,
3556376,1345017723,HAVE,unique,troublemaker's tossle cap,level 95 style: new school
3556376,1345017723,WANT,unique,mann co. supply crate key,
3556376,1345017723,WANT,unique,scrap metal,
3556375,1345017723,HAVE,unique,modest pile of hat,level 42 (uncraftable)
3556375,1345017723,HAVE,unique,sticky jumper,level 1
3556375,1345017723,HAVE,unique,taunt: the schadenfreude,level 5
3556375,1345017723,HAVE,unique,"""manly purple anger""",level 10 painted: noble hatter's violet (uncraftable)
3556375,1345017723,HAVE,unique,three-rune blade,level 10
3556375,1345017723,HAVE,unique,unarmed combat,level 61 craft # 9983
3556375,1345017723,HAVE,unique,alien swarm parasite,level 20
3556375,1345017723,HAVE,unique,mad milk,level 5
3556375,1345017723,WANT,unique,mann co. supply crate,
3556375,1345017723,WANT,unique,craft hat,
3556382,1345017753,HAVE,vintage,vintage pyrovision goggles,level 55
3556382,1345017753,WANT,unique,offers,
3556381,1345017753,HAVE,genuine,genuine marxman,level 1 style: no cigar (untradable)
3556381,1345017753,HAVE,genuine,genuine champ stamp,level 1 (untradable)
3556381,1345017753,HAVE,genuine,genuine human cannonball,level 1 style: burn (untradable)
3556381,1345017753,HAVE,genuine,genuine flying guillotine,level 1 style: thirstier (untradable)
3556381,1345017753,HAVE,genuine,genuine red-tape recorder,level 1 (untradable)
3556381,1345017753,HAVE,genuine,genuine neon annihilator,level 1 (untradable)
3556381,1345017753,HAVE,genuine,genuine triad trinket,level 1 style: bare (untradable)
3556381,1345017753,HAVE,genuine,genuine huo-long heater,level 1 (untradable)
3556381,1345017753,WANT,unique,earbuds,
3556381,1345017753,WANT,unique,mann co. supply crate key,
3556381,1345017753,WANT,unique,bill's hat,
3556381,1345017753,WANT,unique,offers,
3556391,1345017782,HAVE,unique,scrap metal,level 1
3556391,1345017782,WANT,strange,strange boston basher,
3556391,1345017782,WANT,strange,strange direct hit,
3556391,1345017782,WANT,strange,strange bushwacka,
3556391,1345017782,WANT,strange,strange diamondback,
3556391,1345017782,WANT,strange,strange half-zatoichi,
3556391,1345017782,WANT,strange,strange detonator,
3556391,1345017782,WANT,strange,strange bonesaw,
3556391,1345017782,WANT,strange,strange big earner,
3556390,1345017782,HAVE,unique,scrap metal,level 1
3556390,1345017782,WANT,strange,strange crusader's crossbow,
3556390,1345017782,WANT,strange,strange powerjack,
3556390,1345017782,WANT,strange,strange scottish resistance,
3556390,1345017782,WANT,strange,strange revolver,
3556390,1345017782,WANT,strange,strange half-zatoichi,
3556390,1345017782,WANT,strange,strange detonator,
3556389,1345017782,HAVE,normal,hlotl-tusk headdress of the seeker,level 1
3556389,1345017782,HAVE,normal,hammer of the radiant crusader,level 1
3556389,1345017782,HAVE,normal,juju o' wicked badness,level 1
3556389,1345017782,HAVE,normal,four-fangs the swordbreaker,level 1
3556389,1345017782,HAVE,normal,grand claive of the unshamed,level 1
3556389,1345017782,HAVE,normal,ice burst greaves,level 1
3556389,1345017782,HAVE,normal,habit of the seeker,level 1
3556389,1345017782,HAVE,normal,gloves of the admirable admiral,level 1
3556389,1345017782,WANT,unique,mann co. supply crate key,
3556388,1345017782,HAVE,vintage,vintage professional's panama,level 85
3556388,1345017782,WANT,unique,offers,
3556402,1345017872,HAVE,unique,idea tube,level 7
3556402,1345017872,HAVE,unique,team captain,level 95 (uncraftable)
3556402,1345017872,HAVE,unique,texas ten gallon,level 23 painted: pink as hell
3556402,1345017872,HAVE,unique,heavy duty rag,level 13 painted: pink as hell
3556402,1345017872,HAVE,unique,surgeon's stethoscope,level 20 crafted by no [schrizheimers] sleep o_o? craft # 10515
3556402,1345017872,WANT,unique,reclaimed metal,
3556402,1345017872,WANT,unique,refined metal,
3556402,1345017872,WANT,unique,craft hat,
3556401,1345017872,HAVE,unique,cow mangler 5000,level 30
3556401,1345017872,HAVE,unique,escape plan,level 10
3556401,1345017872,HAVE,unique,frontier justice,level 5 (uncraftable)
3556401,1345017872,HAVE,unique,liberty launcher,level 25
3556401,1345017872,HAVE,unique,scottish resistance,level 5
3556401,1345017872,HAVE,unique,splendid screen,level 10 style: classic
3556401,1345017872,HAVE,unique,tribalman's shiv,level 5
3556401,1345017872,HAVE,unique,natascha,level 5
3556401,1345017872,WANT,unique,normal weapon,
3556401,1345017872,WANT,unique,scrap metal,
3556407,1345017904,HAVE,unique,stout shako,level 63 painted: the bitter taste of defeat and lime
3556407,1345017904,HAVE,unique,cremator's conscience,level 15 crafted by ???$oviet under fire craft # 10769
3556407,1345017904,HAVE,unique,team captain,level 5 (uncraftable)
3556407,1345017904,HAVE,unique,itsy bitsy spyer,level 15
3556407,1345017904,HAVE,unique,surgeon's side satchel,level 5 painted: australium gold crafted by playboy t craft # 256
3556407,1345017904,HAVE,unique,hazmat headcase,level 40 painted: drably olive style: reinforced
3556407,1345017904,HAVE,unique,villain's veil,level 34 painted: balaclavas are forever crafted by secksy the spy craft # 13855 style: trained killer
3556407,1345017904,HAVE,unique,outback intellectual,level 15 crafted by ???$oviet under fire craft # 7837
3556407,1345017904,WANT,unique,offers,
3556406,1345017904,HAVE,normal,crest of the burning cabal,level 1
3556406,1345017904,HAVE,normal,demon skull staff,level 1
3556406,1345017904,HAVE,normal,cyclopean helm of the mono militis,level 1
3556406,1345017904,HAVE,normal,bloodmist belt,level 1
3556406,1345017904,HAVE,normal,forgemaster's armlet,level 1
3556406,1345017904,HAVE,normal,doubly braided beard,level 1
3556406,1345017904,HAVE,normal,coat of the elder grove,level 1
3556406,1345017904,HAVE,normal,dressed pauldron of the mono militis,level 1
3556406,1345017904,WANT,unique,mann co. supply crate key,
3556405,1345017904,HAVE,unique,mann co. supply crate key,level 5
3556405,1345017904,HAVE,unique,counter-strike: global offensive,gift
3556405,1345017904,WANT,unique,bill's hat,
3556404,1345017904,HAVE,normal,trusty mountain yak,level 1
3556404,1345017904,HAVE,normal,lei of the peace-bringer,level 1
3556404,1345017904,HAVE,normal,fearless badger,level 1
3556404,1345017904,HAVE,normal,toga of the peace-bringer,level 1
3556404,1345017904,WANT,normal,timebreaker,
3556409,1345017932,HAVE,unique,fed-fightin' fedora,level 3
3556409,1345017932,HAVE,unique,el jefe,level 10 craft # 6679
3556409,1345017932,HAVE,unique,fast learner,level 7 style: winter (uncraftable)
3556409,1345017932,HAVE,unique,dillinger's duffel,level 58 painted: radigan conagher brown
3556409,1345017932,WANT,unique,offers,
3556416,1345017964,HAVE,unique,refined metal,level 3
3556416,1345017964,WANT,unique,mann co. supply crate key,
3556415,1345017964,HAVE,unique,ornament armament,level 20 painted: pink as hell
3556415,1345017964,HAVE,unique,surgeon's stethoscope,level 20 crafted by skalarer craft # 9279
3556415,1345017964,HAVE,unique,teddy roosebelt,level 14 crafted by skalarer
3556415,1345017964,HAVE,unique,itsy bitsy spyer,level 15 crafted by skalarer craft # 3172
3556415,1345017964,HAVE,unique,professor's pineapple,level 79 crafted by skalarer craft # 422
3556415,1345017964,HAVE,unique,aladdin's private reserve,level 96
3556415,1345017964,HAVE,unique,cremator's conscience,level 15 crafted by skalarer craft # 4397
3556415,1345017964,HAVE,unique,teddy roosebelt,level 56
3556415,1345017964,WANT,unique,refined metal,
3556415,1345017964,WANT,unique,mann co. supply crate key,
3556420,1345017992,HAVE,genuine,genuine lone star,level 1 (untradable)
3556420,1345017992,HAVE,genuine,genuine russian rocketeer,level 1 (untradable)
3556420,1345017992,HAVE,genuine,genuine awesomenauts badge,level 1 (untradable)
3556420,1345017992,WANT,unique,offers,
3556420,1345017992,WANT,unique,mann co. supply crate key,
3556420,1345017992,WANT,unique,bill's hat,
3556428,1345018023,HAVE,unique,gentle manne's service medal,level 100 medal # 2966
3556428,1345018023,WANT,unique,big kill,
3556428,1345018023,WANT,unique,offers,
3556428,1345018023,WANT,unique,mann co. supply crate key,
3556427,1345018023,HAVE,genuine,genuine atomic accolade,level 1
3556427,1345018023,HAVE,unique,refined metal,level 3
3556427,1345018023,HAVE,unique,buccaneer's bicorne,level 10 (uncraftable)
3556427,1345018023,HAVE,unique,modest pile of hat,level 76 (uncraftable)
3556427,1345018023,HAVE,genuine,genuine professor's pineapple,level 1
3556427,1345018023,HAVE,genuine,genuine quadwrangler,level 1
3556427,1345018023,WANT,unique,cremator's conscience,
3556427,1345018023,WANT,unique,outback intellectual,
3556426,1345018023,HAVE,unique,sydney sleeper,level 1
3556426,1345018023,HAVE,unique,scrap metal,level 1
3556426,1345018023,WANT,strange,strange sydney sleeper,
3556425,1345018023,HAVE,unique,ellis' cap,level 10 painted: indubitably green
3556425,1345018023,HAVE,unique,tavish degroot experience,level 10
3556425,1345018023,HAVE,unique,football helmet,level 5 (uncraftable)
3556425,1345018023,HAVE,unique,soldier's stash,level 93 (uncraftable)
3556425,1345018023,HAVE,unique,liquidator's lid,level 10
3556425,1345018023,HAVE,unique,respectless rubber glove,level 24 painted: indubitably green (uncraftable)
3556425,1345018023,HAVE,unique,milkman,level 86 crafted by istiden1
3556425,1345018023,WANT,unique,refined metal,
3556435,1345018053,HAVE,unique,salvaged mann co. supply crate,level 10 series # 40
3556435,1345018053,HAVE,unique,bill's hat,level 10 painted: a distinctive lack of hue
3556435,1345018053,HAVE,unique,salvaged mann co. supply crate,level 10 series # 30
3556435,1345018053,WANT,unusual,unusual offers,
3556434,1345018053,HAVE,unique,earbuds,level 85
3556434,1345018053,WANT,unique,mann co. supply crate key,
3556433,1345018053,HAVE,unique,hustler's hallmark,level 1
3556433,1345018053,HAVE,unique,dr's dapper topper,level 15 painted: a color similar to slate
3556433,1345018053,HAVE,strange,"strange ""boston street sweeper""",level 1 kills: 256
3556433,1345018053,HAVE,unique,pyromancer's mask,level 64 style: original (uncraftable)
3556433,1345018053,HAVE,unique,camera beard,level 70 (uncraftable)
3556433,1345018053,HAVE,unique,itsy bitsy spyer,level 15 crafted by prawstitute craft # 8330
3556433,1345018053,HAVE,unique,taunt: the high five!,level 5
3556433,1345018053,HAVE,unique,a whiff of the old brimstone,level 20
3556433,1345018053,WANT,unique,offers,
3556433,1345018053,WANT,unique,refined metal,
3556433,1345018053,WANT,unique,mann co. supply crate key,
3556444,1345018114,HAVE,strange,strange festive knife,level 1 kills: 182
3556444,1345018114,HAVE,unique,fancy dress uniform,level 100 craft # 11598
3556444,1345018114,HAVE,unique,rogue's col roule,level 15 painted: a distinctive lack of hue craft # 12487
3556444,1345018114,HAVE,strange,strange sapper,level 1 buildings sapped: 0
3556444,1345018114,HAVE,unique,bill's hat,level 10 painted: an extraordinary abundance of tinge
3556444,1345018114,HAVE,strange,strange sapper,level 1 buildings sapped: 179
3556444,1345018114,HAVE,unusual,unusual counterfeit billycock,level 10 effect: stormy storm
3556444,1345018114,HAVE,genuine,genuine doublecross-comm,level 1 painted: a distinctive lack of hue
3556444,1345018114,WANT,unique,mann co. supply crate key,
3556458,1345018172,HAVE,strange,strange persian persuader,level 10 kills: 8
3556458,1345018172,WANT,unique,reclaimed metal,
3556469,1345018233,HAVE,unique,mann co. supply crate key,level 5
3556469,1345018233,WANT,unique,gift wrap,
3556468,1345018233,HAVE,unique,surgeon's side satchel,level 35
3556468,1345018233,HAVE,unique,snapped pupil,level 100
3556468,1345018233,HAVE,unique,front runner,level 86 style: stylin'
3556468,1345018233,HAVE,unique,familiar fez,level 49
3556468,1345018233,HAVE,unique,lord cockswain's novelty mutton chops and pipe,level 68 crafted by ash1garu craft # 16105
3556468,1345018233,WANT,unique,refined metal,
3556468,1345018233,WANT,unique,mann co. supply crate key,
3556475,1345018262,HAVE,unusual,unusual troublemaker's tossle cap,"level 71 effect: burning flames painted: mann co. orange style: old school ""fire, fire, fire !"""
3556475,1345018262,WANT,unique,earbuds,
3556492,1345018352,HAVE,unusual,unusual conquistador,level 78 effect: stormy storm
3556492,1345018352,HAVE,unusual,unusual engineer's cap,level 76 effect: massed flies painted: a distinctive lack of hue
3556492,1345018352,HAVE,unusual,unusual modest pile of hat,level 2 effect: sunbeams
3556492,1345018352,HAVE,unusual,unusual swagman's swatter,level 10 effect: nuts n' bolts painted: a distinctive lack of hue
3556492,1345018352,WANT,unique,offers,
3556491,1345018352,HAVE,unique,refined metal,level 3
3556491,1345018352,WANT,unique,strange part: buildings destroyed,
3556498,1345018384,HAVE,strange,strange direct hit,level 1 kills: 4
3556498,1345018384,WANT,unique,reclaimed metal,
3556503,1345018412,HAVE,vintage,vintage pyrovision goggles,level 65
3556503,1345018412,HAVE,vintage,vintage ye olde baker boy,level 53 painted: team spirit
3556503,1345018412,HAVE,vintage,vintage sandvich,level 1
3556503,1345018412,HAVE,vintage,vintage pyrovision goggles,level 13
3556503,1345018412,HAVE,vintage,vintage flare gun,level 10
3556503,1345018412,HAVE,vintage,vintage tyrant's helm,level 76 painted: an extraordinary abundance of tinge
3556503,1345018412,WANT,unique,refined metal,
3556503,1345018412,WANT,unique,mann co. supply crate key,
3556502,1345018412,HAVE,unique,a color similar to slate,level 5
3556502,1345018412,HAVE,unique,dark salmon injustice,level 5
3556502,1345018412,HAVE,unique,color no. 216-190-216,level 5
3556502,1345018412,WANT,unique,reclaimed metal,
3556502,1345018412,WANT,unique,refined metal,
3556502,1345018412,WANT,unique,australium gold,
3556502,1345018412,WANT,unique,aged moustache grey,
3556502,1345018412,WANT,unique,scrap metal,
3556501,1345018412,HAVE,unique,gym rat,level 10 crafted by iggle_bert craft # 10105
3556501,1345018412,HAVE,unique,magnificent mongolian,level 95
3556501,1345018412,HAVE,unique,big steel jaw of summer fun,level 90
3556501,1345018412,HAVE,unique,copper's hard top,level 93
3556501,1345018412,HAVE,unique,coupe d'isaster,level 92
3556501,1345018412,HAVE,unique,big chief,level 40
3556501,1345018412,HAVE,unique,officer's ushanka,level 76
3556501,1345018412,HAVE,unique,large luchadore,level 64 style: el macho
3556501,1345018412,WANT,unique,made man,
3556501,1345018412,WANT,unique,tough guy's toque,
3556501,1345018412,WANT,unique,prince tavish's crown,
3556501,1345018412,WANT,unique,ol' snaggletooth,
3556501,1345018412,WANT,unique,craft hat,
3556501,1345018412,WANT,unique,whoopee cap,
3556501,1345018412,WANT,unique,outdoorsman,
3556501,1345018412,WANT,unique,wingstick,
3556500,1345018412,HAVE,unique,holy mackerel,level 42
3556500,1345018412,HAVE,unique,phlogistinator,level 10
3556500,1345018412,HAVE,unique,eyelander,level 5
3556500,1345018412,HAVE,unique,eviction notice,level 10
3556500,1345018412,HAVE,unique,crusader's crossbow,level 15
3556500,1345018412,HAVE,unique,splendid screen,level 10 style: classic
3556500,1345018412,HAVE,unique,claidheamh m?r,level 5
3556500,1345018412,WANT,unique,scrap metal,
3556509,1345018443,HAVE,unique,ol' geezer,level 39
3556509,1345018443,HAVE,unique,engineer's cap,level 33
3556509,1345018443,HAVE,strange,strange rocket launcher,level 1 kills: 0
3556509,1345018443,WANT,unique,refined metal,
3556516,1345018472,HAVE,unique,mann co. supply crate key,level 5
3556516,1345018472,WANT,strange,strange mantreads,
3556515,1345018472,HAVE,unique,clan pride,level 20 craft # 1980
3556515,1345018472,WANT,unique,refined metal,
3556515,1345018472,WANT,unique,scrap metal,
3556514,1345018472,HAVE,unique,tom clancy's splinter cell conviction?,gift
3556514,1345018472,HAVE,unique,tom clancy's h.a.w.x.? 2,gift
3556514,1345018472,HAVE,unique,tom clancy's h.a.w.x?,gift
3556514,1345018472,HAVE,unique,counter-strike: source + garry's mod,gift
3556514,1345018472,HAVE,unique,bioshock franchise pack,gift
3556514,1345018472,WANT,unique,mann co. supply crate key,
3556513,1345018472,HAVE,normal,pangolin scarf,level 1
3556513,1345018472,WANT,normal,pangolin carapace,
3556519,1345018505,HAVE,unusual,unusual sober stuntman,level 94 effect: steaming
3556519,1345018505,WANT,unusual,unusual craft hat,
3556519,1345018505,WANT,unique,earbuds,
3556519,1345018505,WANT,unique,mann co. supply crate key,
3556533,1345018562,HAVE,strange,strange rocket launcher,level 1 kills: 6348
3556533,1345018562,HAVE,strange,strange liberty launcher,level 25 kills: 3111
3556533,1345018562,WANT,unique,gift wrap,
3556533,1345018562,WANT,unique,refined metal,
3556533,1345018562,WANT,unique,mann co. supply crate key,
3556532,1345018562,HAVE,vintage,vintage pyrovision goggles,level 88
3556532,1345018562,HAVE,unique,frying pan,level 5
3556532,1345018562,HAVE,strange,strange persian persuader,level 10 kills: 8
3556532,1345018562,WANT,unique,reclaimed metal,
3556531,1345018562,HAVE,unique,phlogistinator,level 10
3556531,1345018562,HAVE,unique,powerjack,level 5
3556531,1345018562,HAVE,unique,sun-on-a-stick,level 10
3556531,1345018562,WANT,unique,scrap metal,
3556540,1345018623,HAVE,unusual,unusual ye olde baker boy,level 3 effect: nuts n' bolts painted: a mann's mint
3556540,1345018623,WANT,unique,earbuds,
3556553,1345018682,HAVE,strange,strange ubersaw,level 10 kills: 70
3556553,1345018682,HAVE,unique,private eye,level 10
3556553,1345018682,HAVE,strange,strange eyelander,level 5 heads taken: 26
3556553,1345018682,HAVE,unique,bubble pipe,level 41 crafted by ?? craft # 3386
3556553,1345018682,HAVE,unique,large luchadore,level 71 style: el picante grande
3556553,1345018682,HAVE,strange,strange soda popper,level 10 kills: 79
3556553,1345018682,WANT,unique,reclaimed metal,
3556553,1345018682,WANT,unique,refined metal,
3556553,1345018682,WANT,unique,scrap metal,
3556561,1345018713,HAVE,unique,cosa nostra cap,level 52
3556561,1345018713,WANT,unique,reclaimed metal,
3556561,1345018713,WANT,unique,refined metal,
3556560,1345018713,HAVE,unique,all-father,level 15 painted: dark salmon injustice (uncraftable)
3556560,1345018713,WANT,genuine,genuine point and shoot,
3556559,1345018713,HAVE,unique,mann co. supply crate,level 10 series # 45
3556559,1345018713,HAVE,unique,mann co. supply crate,level 10 series # 44
3556559,1345018713,HAVE,unique,marxman,"level 85 craft # 168 style: yes, cigar"
3556559,1345018713,WANT,unique,last breath,
3556586,1345018863,HAVE,unique,barely-melted capacitor,level 1
3556586,1345018863,WANT,unique,offers,
3556585,1345018863,HAVE,unique,boston boom-bringer,level 67
3556585,1345018863,WANT,unique,mann co. supply crate key,
3556604,1345018952,HAVE,unique,bushwacka,level 5
3556604,1345018952,HAVE,unique,cow mangler 5000,level 30
3556604,1345018952,HAVE,unique,wrangler,level 5
3556604,1345018952,HAVE,unique,direct hit,level 1
3556604,1345018952,HAVE,unique,powerjack,level 5
3556604,1345018952,HAVE,unique,righteous bison,level 30
3556604,1345018952,HAVE,unique,kritzkrieg,level 8
3556604,1345018952,HAVE,unique,battalion's backup,level 10
3556604,1345018952,WANT,unique,scrap metal,
3556617,1345018982,HAVE,vintage,vintage ghastlierest gibus,level 10 painted: an extraordinary abundance of tinge style: ghastlierest
3556617,1345018982,WANT,unique,earbuds,
3556617,1345018982,WANT,unique,mann co. supply crate key,
3556617,1345018982,WANT,unique,bill's hat,
3556617,1345018982,WANT,unique,offers,
3556641,1345019072,HAVE,strange,strange bazaar bargain,level 10 kills: 359
3556641,1345019072,HAVE,strange,strange scotsman's skullcutter,level 5 kills: 40
3556641,1345019072,WANT,unique,reclaimed metal,
3556640,1345019072,HAVE,unique,apparatchik's apparel,level 97 crafted by golden eagle craft # 2045 style: outdoorsmen
3556640,1345019072,WANT,unique,reclaimed metal,
3556640,1345019072,WANT,unique,refined metal,
3556655,1345019132,HAVE,unique,toss-proof towel,level 88 crafted by daedalus craft # 519
3556655,1345019132,WANT,unique,mann co. supply crate key,
3556662,1345019163,HAVE,unique,righteous bison,level 30
3556662,1345019163,HAVE,unique,escape plan,level 10
3556662,1345019163,HAVE,unique,warrior's spirit,level 10
3556662,1345019163,HAVE,unique,axtinguisher,level 10
3556662,1345019163,HAVE,unique,powerjack,level 5
3556662,1345019163,HAVE,unique,holiday punch,level 10
3556662,1345019163,WANT,unique,mann co. supply crate,
3556668,1345019195,HAVE,unique,barely-melted capacitor,level 1
3556668,1345019195,WANT,unique,mann co. supply crate key,
3556667,1345019195,HAVE,unique,business casual,level 99
3556667,1345019195,HAVE,unique,magnificent mongolian,level 19
3556667,1345019195,HAVE,strange,strange scotsman's skullcutter,level 5 kills: 0
3556667,1345019195,HAVE,unique,bird-man of aberdeen,level 46 style: essential
3556667,1345019195,HAVE,unique,strange part: soldiers killed,level 1
3556667,1345019195,HAVE,unique,cosa nostra cap,level 66 painted: after eight
3556667,1345019195,WANT,unique,offers,
3556667,1345019195,WANT,unique,reclaimed metal,
3556667,1345019195,WANT,unique,refined metal,
3556667,1345019195,WANT,unique,scrap metal,
3556681,1345019252,HAVE,unique,reclaimed metal,level 2
3556681,1345019252,WANT,strange,strange ubersaw,
3556680,1345019252,HAVE,strange,strange scotsman's skullcutter,level 5 kills: 0
3556680,1345019252,WANT,unique,scrap metal,
3556679,1345019252,HAVE,unique,refined metal,level 3
3556679,1345019252,WANT,normal,treasure key,
3556678,1345019252,HAVE,strange,strange jag,level 15 sentry kills: 0
3556678,1345019252,WANT,unique,refined metal,
3556686,1345019283,HAVE,strange,"strange ""loch-n-lolz""",level 10 kills: 558
3556686,1345019283,WANT,unique,offers,
3556686,1345019283,WANT,unique,scrap metal,
3556685,1345019283,HAVE,unique,refined metal,level 3
3556685,1345019283,HAVE,unique,mann co. supply crate key,level 5
3556685,1345019283,WANT,strange,strange festive scattergun,
3556685,1345019283,WANT,unique,ornament armament,
3556685,1345019283,WANT,strange,strange festive rocket launcher,
3556685,1345019283,WANT,unique,kringle collection,
3556685,1345019283,WANT,strange,strange festive minigun,
3556685,1345019283,WANT,unique,b.m.o.c.,
3556685,1345019283,WANT,unique,all-father,
3556685,1345019283,WANT,unique,festive sniper rifle,
3556694,1345019312,HAVE,unique,stout shako,level 69 painted: after eight
3556694,1345019312,WANT,unique,offers,
3556693,1345019312,HAVE,unique,sandvich,level 1
3556693,1345019312,HAVE,strange,strange overdose,level 5 kills: 0
3556693,1345019312,HAVE,unique,cloak and dagger,level 5
3556693,1345019312,WANT,vintage,vintage blutsauger,
3556693,1345019312,WANT,vintage,vintage cloak and dagger,
3556693,1345019312,WANT,vintage,vintage sandvich,
3556692,1345019312,HAVE,strange,strange knife,level 1 kills: 60
3556692,1345019312,HAVE,strange,strange back scratcher,level 10 kills: 0
3556692,1345019312,HAVE,strange,strange ubersaw,level 10 kills: 6
3556692,1345019312,HAVE,strange,strange detonator,level 10 kills: 0
3556692,1345019312,HAVE,strange,strange scotsman's skullcutter,level 5 kills: 0
3556692,1345019312,HAVE,strange,strange loch-n-load,level 10 kills: 18
3556692,1345019312,HAVE,strange,strange tribalman's shiv,level 5 kills: 0
3556692,1345019312,HAVE,strange,strange holiday punch,level 10 tickle fights won: 19
3556692,1345019312,WANT,unique,offers,
3556702,1345019344,HAVE,unique,mann co. supply crate key,level 5
3556702,1345019344,WANT,unique,kringle collection,
3556718,1345019432,HAVE,unusual,unusual killer's kabuto,level 93 effect: bubbling
3556718,1345019432,WANT,unique,offers,
3556718,1345019432,WANT,unique,earbuds,
3556717,1345019432,HAVE,strange,strange rocket launcher,level 1 kills: 9
3556717,1345019432,HAVE,strange,strange knife,level 1 kills: 1061
3556717,1345019432,HAVE,unique,team captain,level 67 (uncraftable)
3556717,1345019432,HAVE,unique,decal tool,level 5
3556717,1345019432,HAVE,genuine,genuine doublecross-comm,level 1
3556717,1345019432,HAVE,unique,team captain,level 87 (uncraftable)
3556717,1345019432,HAVE,unique,taunt: the high five!,level 5 (uncraftable)
3556717,1345019432,HAVE,unique,name tag,level 1
3556717,1345019432,WANT,unique,reclaimed metal,
3556717,1345019432,WANT,unique,refined metal,
3556717,1345019432,WANT,unique,mann co. supply crate key,
3556717,1345019432,WANT,unique,scrap metal,
3556724,1345019492,HAVE,unique,fan o'war,level 5
3556724,1345019492,WANT,unique,scrap metal,
3556723,1345019492,HAVE,unique,pencil pusher,level 10
3556723,1345019492,WANT,unique,refined metal,
3556731,1345019523,HAVE,unique,shortstop,level 1
3556731,1345019523,HAVE,unique,diamondback,level 5
3556731,1345019523,HAVE,unique,ubersaw,level 10
3556731,1345019523,HAVE,unique,winger,level 15
3556731,1345019523,HAVE,unique,dead ringer,level 5
3556731,1345019523,HAVE,unique,loch-n-load,level 10
3556731,1345019523,HAVE,unique,natascha,level 5
3556731,1345019523,HAVE,unique,jag,level 15
3556731,1345019523,WANT,unique,scrap metal,
3556738,1345019552,HAVE,unique,cleaner's carbine,level 1
3556738,1345019552,WANT,unique,dalokohs bar,
3556737,1345019552,HAVE,unique,mann co. supply crate key,level 5
3556737,1345019552,WANT,unique,all-father,
3556769,1345019672,HAVE,unique,"""s.m.o.c.""",level 30 painted: pink as hell
3556769,1345019672,HAVE,unique,b.m.o.c.,level 30 painted: a distinctive lack of hue
3556769,1345019672,WANT,unique,refined metal,
3556769,1345019672,WANT,unique,mann co. supply crate key,
3556768,1345019672,HAVE,unique,mann co. supply crate key,level 5
3556768,1345019672,WANT,unique,reclaimed metal,
3556768,1345019672,WANT,unique,refined metal,
3556767,1345019672,HAVE,normal,mask o' wicked badness,level 1
3556767,1345019672,HAVE,normal,shoulderguard of the freelancer,level 1
3556767,1345019672,HAVE,normal,omnishred the defiant,level 1
3556767,1345019672,HAVE,normal,spectrolite staff,level 1
3556767,1345019672,HAVE,normal,pantaloons of the freelancer,level 1
3556767,1345019672,HAVE,normal,seven-sealed the fur bracer,level 1
3556767,1345019672,HAVE,normal,pauldron of al-fusha,level 1
3556767,1345019672,HAVE,normal,seafarer's shoes,level 1
3556767,1345019672,WANT,unique,reclaimed metal,
3556767,1345019672,WANT,unique,refined metal,
3556767,1345019672,WANT,normal,treasure of profound mysteries,
3556778,1345019704,HAVE,genuine,genuine doublecross-comm,level 1
3556778,1345019704,WANT,unique,mann co. supply crate key,
3556777,1345019704,HAVE,strange,strange diamondback,level 5 kills: 0
3556777,1345019704,WANT,strange,strange revolver,
3556777,1345019704,WANT,strange,strange gloves of running urgently,
3556777,1345019704,WANT,strange,strange direct hit,
3556777,1345019704,WANT,strange,strange sandman,
3556777,1345019704,WANT,strange,strange axtinguisher,
3556777,1345019704,WANT,strange,strange conniver's kunai,
3556777,1345019704,WANT,strange,strange shortstop,
3556777,1345019704,WANT,strange,strange brass beast,
3556788,1345019732,HAVE,unique,scrap metal,level 1
3556788,1345019732,HAVE,unique,reclaimed metal,level 2
3556788,1345019732,HAVE,strange,strange degreaser,level 10 kills: 0
3556788,1345019732,HAVE,strange,strange rocket launcher,level 1 kills: 0
3556788,1345019732,WANT,unique,outback intellectual,
3556793,1345019762,HAVE,strange,strange equalizer,level 10 kills: 0
3556793,1345019762,HAVE,strange,strange back scratcher,level 10 kills: 0
3556793,1345019762,HAVE,strange,strange scotsman's skullcutter,level 5 kills: 0
3556793,1345019762,HAVE,strange,strange market gardener,level 10 kills: 0
3556793,1345019762,HAVE,strange,strange bottle,level 1 kills: 0
3556793,1345019762,HAVE,strange,strange sydney sleeper,level 1 kills: 6
3556793,1345019762,HAVE,strange,strange bonesaw,level 1 kills: 16
3556793,1345019762,WANT,genuine,genuine offers,
3556792,1345019762,HAVE,strange,strange stickybomb launcher,level 1 kills: 0
3556792,1345019762,HAVE,unique,refined metal,level 3
3556792,1345019762,WANT,unique,mann co. supply crate key,
3556801,1345019793,HAVE,unique,refined metal,level 3
3556801,1345019793,HAVE,unique,reclaimed metal,level 2
3556801,1345019793,WANT,unique,dr's dapper topper,
3556800,1345019793,HAVE,unique,swagman's swatter,level 10 craft # 9691
3556800,1345019793,HAVE,unique,milkman,level 44
3556800,1345019793,HAVE,unique,name tag,level 1
3556800,1345019793,HAVE,unique,description tag,level 1
3556800,1345019793,WANT,unique,offers,
3556800,1345019793,WANT,unique,refined metal,
3556800,1345019793,WANT,unique,mann co. supply crate key,
3556800,1345019793,WANT,unique,craft hat,
3556799,1345019793,HAVE,unique,milkman,level 33 crafted by paleox
3556799,1345019793,HAVE,strange,strange shortstop,level 1 kills: 0
3556799,1345019793,WANT,unique,reclaimed metal,
3556799,1345019793,WANT,unique,refined metal,
3556798,1345019793,HAVE,unique,fast learner,level 100 style: summer
3556798,1345019793,WANT,unique,mann co. supply crate key,
3556798,1345019793,WANT,unique,bill's hat,
3556807,1345019822,HAVE,unique,refined metal,level 3
3556807,1345019822,WANT,strange,strange holy mackerel,
3556806,1345019822,HAVE,genuine,genuine cold war luchador,level 10 painted: the bitter taste of defeat and lime
3556806,1345019822,HAVE,genuine,genuine killer exclusive,level 10 painted: the bitter taste of defeat and lime
3556806,1345019822,HAVE,genuine,genuine war head,level 10
3556806,1345019822,HAVE,genuine,genuine purity fist,level 10
3556806,1345019822,WANT,genuine,genuine scrap pack,
3556805,1345019822,HAVE,unique,helmet without a home,level 8
3556805,1345019822,HAVE,unique,hound dog,level 25 crafted by little juan
3556805,1345019822,WANT,unique,reclaimed metal,
3556805,1345019822,WANT,unique,refined metal,
